Περιγραφή,Κωδικός,Έτος,Μήνας,Sales
ΕΥΡΗΚΑ CLASSIC 60GR SET 3+1 ΔΩΡΟ,000021,2022,Ιανουάριος,3113
ΕΥΡΗΚΑ CLASSIC 60GR SET 3+1 ΔΩΡΟ,000021,2022,Φεβρουάριος,1589
ΕΥΡΗΚΑ CLASSIC 60GR SET 3+1 ΔΩΡΟ,000021,2022,Μάρτιος,1658
ΕΥΡΗΚΑ CLASSIC 60GR SET 3+1 ΔΩΡΟ,000021,2022,Απρίλιος,1720
ΕΥΡΗΚΑ CLASSIC 60GR SET 3+1 ΔΩΡΟ,000021,2022,Μάιος,2303
ΕΥΡΗΚΑ CLASSIC 60GR SET 3+1 ΔΩΡΟ,000021,2022,Ιούνιος,2027
ΕΥΡΗΚΑ CLASSIC 60GR SET 3+1 ΔΩΡΟ,000021,2022,Ιούλιος,3411
ΕΥΡΗΚΑ CLASSIC 60GR SET 3+1 ΔΩΡΟ,000021,2022,Αύγουστος,2665
ΕΥΡΗΚΑ CLASSIC 60GR SET 3+1 ΔΩΡΟ,000021,2022,Σεπτέμβριος,3346
ΕΥΡΗΚΑ CLASSIC 60GR SET 3+1 ΔΩΡΟ,000021,2022,Οκτώβριος,1888
ΕΥΡΗΚΑ CLASSIC 60GR SET 3+1 ΔΩΡΟ,000021,2022,Νοέμβριος,2831
ΕΥΡΗΚΑ CLASSIC 60GR SET 3+1 ΔΩΡΟ,000021,2022,Δεκέμβριος,1560
ΕΥΡΗΚΑ CL ΚΟΥΤΙ 750g 50% ΠΡΟΙΟΝ ΔΩΡΟ,000051,2022,Ιανουάριος,1305
ΕΥΡΗΚΑ CL ΚΟΥΤΙ 750g 50% ΠΡΟΙΟΝ ΔΩΡΟ,000051,2022,Φεβρουάριος,784
ΕΥΡΗΚΑ CL ΚΟΥΤΙ 750g 50% ΠΡΟΙΟΝ ΔΩΡΟ,000051,2022,Μάρτιος,1018
ΕΥΡΗΚΑ CL ΚΟΥΤΙ 750g 50% ΠΡΟΙΟΝ ΔΩΡΟ,000051,2022,Απρίλιος,1300
ΕΥΡΗΚΑ CL ΚΟΥΤΙ 750g 50% ΠΡΟΙΟΝ ΔΩΡΟ,000051,2022,Μάιος,1460
ΕΥΡΗΚΑ CL ΚΟΥΤΙ 750g 50% ΠΡΟΙΟΝ ΔΩΡΟ,000051,2022,Ιούνιος,955
ΕΥΡΗΚΑ CL ΚΟΥΤΙ 750g 50% ΠΡΟΙΟΝ ΔΩΡΟ,000051,2022,Ιούλιος,2161
ΕΥΡΗΚΑ CL ΚΟΥΤΙ 750g 50% ΠΡΟΙΟΝ ΔΩΡΟ,000051,2022,Αύγουστος,1475
ΕΥΡΗΚΑ CL ΚΟΥΤΙ 750g 50% ΠΡΟΙΟΝ ΔΩΡΟ,000051,2022,Σεπτέμβριος,1746
ΕΥΡΗΚΑ CL ΚΟΥΤΙ 750g 50% ΠΡΟΙΟΝ ΔΩΡΟ,000051,2022,Οκτώβριος,1673
ΕΥΡΗΚΑ CL ΚΟΥΤΙ 750g 50% ΠΡΟΙΟΝ ΔΩΡΟ,000051,2022,Νοέμβριος,1738
ΕΥΡΗΚΑ CL ΚΟΥΤΙ 750g 50% ΠΡΟΙΟΝ ΔΩΡΟ,000051,2022,Δεκέμβριος,638
ΕΥΡΗΚΑ CL ΑΝΘΗ ΠΟΡΤ 60G SET 3+1 ΔΩΡΟ,000061,2022,Ιανουάριος,312
ΕΥΡΗΚΑ CL ΑΝΘΗ ΠΟΡΤ 60G SET 3+1 ΔΩΡΟ,000061,2022,Φεβρουάριος,275
ΕΥΡΗΚΑ CL ΑΝΘΗ ΠΟΡΤ 60G SET 3+1 ΔΩΡΟ,000061,2022,Μάρτιος,247
ΕΥΡΗΚΑ CL ΑΝΘΗ ΠΟΡΤ 60G SET 3+1 ΔΩΡΟ,000061,2022,Απρίλιος,269
ΕΥΡΗΚΑ CL ΑΝΘΗ ΠΟΡΤ 60G SET 3+1 ΔΩΡΟ,000061,2022,Μάιος,241
ΕΥΡΗΚΑ CL ΑΝΘΗ ΠΟΡΤ 60G SET 3+1 ΔΩΡΟ,000061,2022,Ιούνιος,382
ΕΥΡΗΚΑ CL ΑΝΘΗ ΠΟΡΤ 60G SET 3+1 ΔΩΡΟ,000061,2022,Ιούλιος,341
ΕΥΡΗΚΑ CL ΑΝΘΗ ΠΟΡΤ 60G SET 3+1 ΔΩΡΟ,000061,2022,Αύγουστος,475
ΕΥΡΗΚΑ CL ΑΝΘΗ ΠΟΡΤ 60G SET 3+1 ΔΩΡΟ,000061,2022,Σεπτέμβριος,572
ΕΥΡΗΚΑ CL ΑΝΘΗ ΠΟΡΤ 60G SET 3+1 ΔΩΡΟ,000061,2022,Οκτώβριος,286
ΕΥΡΗΚΑ CL ΑΝΘΗ ΠΟΡΤ 60G SET 3+1 ΔΩΡΟ,000061,2022,Νοέμβριος,317
ΕΥΡΗΚΑ CL ΑΝΘΗ ΠΟΡΤ 60G SET 3+1 ΔΩΡΟ,000061,2022,Δεκέμβριος,192
"ΕΥΡΗΚΑ ΥΠΕΡ/ΚΟ ΚΟΥΤΙ 1KG ΠΡΟΣ -2,0€",000403,2022,Ιανουάριος,190
"ΕΥΡΗΚΑ ΥΠΕΡ/ΚΟ ΚΟΥΤΙ 1KG ΠΡΟΣ -2,0€",000403,2022,Φεβρουάριος,329
"ΕΥΡΗΚΑ ΥΠΕΡ/ΚΟ ΚΟΥΤΙ 1KG ΠΡΟΣ -2,0€",000403,2022,Μάρτιος,359
"ΕΥΡΗΚΑ ΥΠΕΡ/ΚΟ ΚΟΥΤΙ 1KG ΠΡΟΣ -2,0€",000403,2022,Απρίλιος,350
"ΕΥΡΗΚΑ ΥΠΕΡ/ΚΟ ΚΟΥΤΙ 1KG ΠΡΟΣ -2,0€",000403,2022,Μάιος,377
"ΕΥΡΗΚΑ ΥΠΕΡ/ΚΟ ΚΟΥΤΙ 1KG ΠΡΟΣ -2,0€",000403,2022,Ιούνιος,355
"ΕΥΡΗΚΑ ΥΠΕΡ/ΚΟ ΚΟΥΤΙ 1KG ΠΡΟΣ -2,0€",000403,2022,Ιούλιος,627
"ΕΥΡΗΚΑ ΥΠΕΡ/ΚΟ ΚΟΥΤΙ 1KG ΠΡΟΣ -2,0€",000403,2022,Αύγουστος,269
"ΕΥΡΗΚΑ ΥΠΕΡ/ΚΟ ΚΟΥΤΙ 1KG ΠΡΟΣ -2,0€",000403,2022,Σεπτέμβριος,528
"ΕΥΡΗΚΑ ΥΠΕΡ/ΚΟ ΚΟΥΤΙ 1KG ΠΡΟΣ -2,0€",000403,2022,Οκτώβριος,500
"ΕΥΡΗΚΑ ΥΠΕΡ/ΚΟ ΚΟΥΤΙ 1KG ΠΡΟΣ -2,0€",000403,2022,Νοέμβριος,551
"ΕΥΡΗΚΑ ΥΠΕΡ/ΚΟ ΚΟΥΤΙ 1KG ΠΡΟΣ -2,0€",000403,2022,Δεκέμβριος,332
SNOW WHT POWDER 120GR 24PCS,000842ROM,2022,Ιανουάριος,672
SNOW WHT POWDER 120GR 24PCS,000842ROM,2022,Φεβρουάριος,707
SNOW WHT POWDER 120GR 24PCS,000842ROM,2022,Μάρτιος,685
SNOW WHT POWDER 120GR 24PCS,000842ROM,2022,Απρίλιος,1008
SNOW WHT POWDER 120GR 24PCS,000842ROM,2022,Μάιος,522
SNOW WHT POWDER 120GR 24PCS,000842ROM,2022,Ιούνιος,0
SNOW WHT POWDER 120GR 24PCS,000842ROM,2022,Ιούλιος,2600
SNOW WHT POWDER 120GR 24PCS,000842ROM,2022,Αύγουστος,0
SNOW WHT POWDER 120GR 24PCS,000842ROM,2022,Σεπτέμβριος,0
SNOW WHT POWDER 120GR 24PCS,000842ROM,2022,Οκτώβριος,4410
SNOW WHT POWDER 120GR 24PCS,000842ROM,2022,Νοέμβριος,3187
SNOW WHT POWDER 120GR 24PCS,000842ROM,2022,Δεκέμβριος,2030
ΕΥΡΗΚΑ SENSO 2 LT ΠΡΟΣΦΟΡΑΣ,001032,2022,Ιανουάριος,571
ΕΥΡΗΚΑ SENSO 2 LT ΠΡΟΣΦΟΡΑΣ,001032,2022,Φεβρουάριος,572
ΕΥΡΗΚΑ SENSO 2 LT ΠΡΟΣΦΟΡΑΣ,001032,2022,Μάρτιος,621
ΕΥΡΗΚΑ SENSO 2 LT ΠΡΟΣΦΟΡΑΣ,001032,2022,Απρίλιος,752
ΕΥΡΗΚΑ SENSO 2 LT ΠΡΟΣΦΟΡΑΣ,001032,2022,Μάιος,964
ΕΥΡΗΚΑ SENSO 2 LT ΠΡΟΣΦΟΡΑΣ,001032,2022,Ιούνιος,952
ΕΥΡΗΚΑ SENSO 2 LT ΠΡΟΣΦΟΡΑΣ,001032,2022,Ιούλιος,1056
ΕΥΡΗΚΑ SENSO 2 LT ΠΡΟΣΦΟΡΑΣ,001032,2022,Αύγουστος,981
ΕΥΡΗΚΑ SENSO 2 LT ΠΡΟΣΦΟΡΑΣ,001032,2022,Σεπτέμβριος,686
ΕΥΡΗΚΑ SENSO 2 LT ΠΡΟΣΦΟΡΑΣ,001032,2022,Οκτώβριος,950
ΕΥΡΗΚΑ SENSO 2 LT ΠΡΟΣΦΟΡΑΣ,001032,2022,Νοέμβριος,1040
ΕΥΡΗΚΑ SENSO 2 LT ΠΡΟΣΦΟΡΑΣ,001032,2022,Δεκέμβριος,598
ΕΥΡΗΚΑ BRIGHT PRE WASH SPR 450ML,001260,2022,Ιανουάριος,181
ΕΥΡΗΚΑ BRIGHT PRE WASH SPR 450ML,001260,2022,Φεβρουάριος,218
ΕΥΡΗΚΑ BRIGHT PRE WASH SPR 450ML,001260,2022,Μάρτιος,183
ΕΥΡΗΚΑ BRIGHT PRE WASH SPR 450ML,001260,2022,Απρίλιος,220
ΕΥΡΗΚΑ BRIGHT PRE WASH SPR 450ML,001260,2022,Μάιος,367
ΕΥΡΗΚΑ BRIGHT PRE WASH SPR 450ML,001260,2022,Ιούνιος,315
ΕΥΡΗΚΑ BRIGHT PRE WASH SPR 450ML,001260,2022,Ιούλιος,400
ΕΥΡΗΚΑ BRIGHT PRE WASH SPR 450ML,001260,2022,Αύγουστος,278
ΕΥΡΗΚΑ BRIGHT PRE WASH SPR 450ML,001260,2022,Σεπτέμβριος,562
ΕΥΡΗΚΑ BRIGHT PRE WASH SPR 450ML,001260,2022,Οκτώβριος,327
ΕΥΡΗΚΑ BRIGHT PRE WASH SPR 450ML,001260,2022,Νοέμβριος,412
ΕΥΡΗΚΑ BRIGHT PRE WASH SPR 450ML,001260,2022,Δεκέμβριος,178
"ΕΥΡ BLACK CARE 750ML ΠΡΟΣΦ -1,0€",002214,2022,Ιανουάριος,325
"ΕΥΡ BLACK CARE 750ML ΠΡΟΣΦ -1,0€",002214,2022,Φεβρουάριος,368
"ΕΥΡ BLACK CARE 750ML ΠΡΟΣΦ -1,0€",002214,2022,Μάρτιος,212
"ΕΥΡ BLACK CARE 750ML ΠΡΟΣΦ -1,0€",002214,2022,Απρίλιος,315
"ΕΥΡ BLACK CARE 750ML ΠΡΟΣΦ -1,0€",002214,2022,Μάιος,349
"ΕΥΡ BLACK CARE 750ML ΠΡΟΣΦ -1,0€",002214,2022,Ιούνιος,466
"ΕΥΡ BLACK CARE 750ML ΠΡΟΣΦ -1,0€",002214,2022,Ιούλιος,480
"ΕΥΡ BLACK CARE 750ML ΠΡΟΣΦ -1,0€",002214,2022,Αύγουστος,341
"ΕΥΡ BLACK CARE 750ML ΠΡΟΣΦ -1,0€",002214,2022,Σεπτέμβριος,376
"ΕΥΡ BLACK CARE 750ML ΠΡΟΣΦ -1,0€",002214,2022,Οκτώβριος,248
"ΕΥΡ BLACK CARE 750ML ΠΡΟΣΦ -1,0€",002214,2022,Νοέμβριος,280
"ΕΥΡ BLACK CARE 750ML ΠΡΟΣΦ -1,0€",002214,2022,Δεκέμβριος,209
"ΕΥΡΗΚΑ EXPRESS 900ML -0,5€",004106,2022,Ιανουάριος,358
"ΕΥΡΗΚΑ EXPRESS 900ML -0,5€",004106,2022,Φεβρουάριος,373
"ΕΥΡΗΚΑ EXPRESS 900ML -0,5€",004106,2022,Μάρτιος,449
"ΕΥΡΗΚΑ EXPRESS 900ML -0,5€",004106,2022,Απρίλιος,1013
"ΕΥΡΗΚΑ EXPRESS 900ML -0,5€",004106,2022,Μάιος,524
"ΕΥΡΗΚΑ EXPRESS 900ML -0,5€",004106,2022,Ιούνιος,777
"ΕΥΡΗΚΑ EXPRESS 900ML -0,5€",004106,2022,Ιούλιος,1334
"ΕΥΡΗΚΑ EXPRESS 900ML -0,5€",004106,2022,Αύγουστος,1177
"ΕΥΡΗΚΑ EXPRESS 900ML -0,5€",004106,2022,Σεπτέμβριος,1327
"ΕΥΡΗΚΑ EXPRESS 900ML -0,5€",004106,2022,Οκτώβριος,318
"ΕΥΡΗΚΑ EXPRESS 900ML -0,5€",004106,2022,Νοέμβριος,674
"ΕΥΡΗΚΑ EXPRESS 900ML -0,5€",004106,2022,Δεκέμβριος,271
ΕΥΡΗΚΑ ΜΑΣΣΑΛΙΑΣ 900ML/18M -1€,00426,2022,Ιανουάριος,235
ΕΥΡΗΚΑ ΜΑΣΣΑΛΙΑΣ 900ML/18M -1€,00426,2022,Φεβρουάριος,392
ΕΥΡΗΚΑ ΜΑΣΣΑΛΙΑΣ 900ML/18M -1€,00426,2022,Μάρτιος,276
ΕΥΡΗΚΑ ΜΑΣΣΑΛΙΑΣ 900ML/18M -1€,00426,2022,Απρίλιος,391
ΕΥΡΗΚΑ ΜΑΣΣΑΛΙΑΣ 900ML/18M -1€,00426,2022,Μάιος,482
ΕΥΡΗΚΑ ΜΑΣΣΑΛΙΑΣ 900ML/18M -1€,00426,2022,Ιούνιος,617
ΕΥΡΗΚΑ ΜΑΣΣΑΛΙΑΣ 900ML/18M -1€,00426,2022,Ιούλιος,810
ΕΥΡΗΚΑ ΜΑΣΣΑΛΙΑΣ 900ML/18M -1€,00426,2022,Αύγουστος,516
ΕΥΡΗΚΑ ΜΑΣΣΑΛΙΑΣ 900ML/18M -1€,00426,2022,Σεπτέμβριος,512
ΕΥΡΗΚΑ ΜΑΣΣΑΛΙΑΣ 900ML/18M -1€,00426,2022,Οκτώβριος,573
ΕΥΡΗΚΑ ΜΑΣΣΑΛΙΑΣ 900ML/18M -1€,00426,2022,Νοέμβριος,644
ΕΥΡΗΚΑ ΜΑΣΣΑΛΙΑΣ 900ML/18M -1€,00426,2022,Δεκέμβριος,191
"ΕΥΡΗΚΑ ΜΑΣΣΑΛΙΑΣ 1,8L/36M -2€",00526,2022,Ιανουάριος,1143
"ΕΥΡΗΚΑ ΜΑΣΣΑΛΙΑΣ 1,8L/36M -2€",00526,2022,Φεβρουάριος,1833
"ΕΥΡΗΚΑ ΜΑΣΣΑΛΙΑΣ 1,8L/36M -2€",00526,2022,Μάρτιος,1704
"ΕΥΡΗΚΑ ΜΑΣΣΑΛΙΑΣ 1,8L/36M -2€",00526,2022,Απρίλιος,1551
"ΕΥΡΗΚΑ ΜΑΣΣΑΛΙΑΣ 1,8L/36M -2€",00526,2022,Μάιος,2848
"ΕΥΡΗΚΑ ΜΑΣΣΑΛΙΑΣ 1,8L/36M -2€",00526,2022,Ιούνιος,1231
"ΕΥΡΗΚΑ ΜΑΣΣΑΛΙΑΣ 1,8L/36M -2€",00526,2022,Ιούλιος,1937
"ΕΥΡΗΚΑ ΜΑΣΣΑΛΙΑΣ 1,8L/36M -2€",00526,2022,Αύγουστος,1619
"ΕΥΡΗΚΑ ΜΑΣΣΑΛΙΑΣ 1,8L/36M -2€",00526,2022,Σεπτέμβριος,2115
"ΕΥΡΗΚΑ ΜΑΣΣΑΛΙΑΣ 1,8L/36M -2€",00526,2022,Οκτώβριος,1920
"ΕΥΡΗΚΑ ΜΑΣΣΑΛΙΑΣ 1,8L/36M -2€",00526,2022,Νοέμβριος,2489
"ΕΥΡΗΚΑ ΜΑΣΣΑΛΙΑΣ 1,8L/36M -2€",00526,2022,Δεκέμβριος,1033
"ΕΥΡΗΚΑ ΜΑΣΣΑΛΙΑΣ ΛΕΒΑΝΤΑ 1,8L/36M -2€",00536,2022,Ιανουάριος,236
"ΕΥΡΗΚΑ ΜΑΣΣΑΛΙΑΣ ΛΕΒΑΝΤΑ 1,8L/36M -2€",00536,2022,Φεβρουάριος,624
"ΕΥΡΗΚΑ ΜΑΣΣΑΛΙΑΣ ΛΕΒΑΝΤΑ 1,8L/36M -2€",00536,2022,Μάρτιος,532
"ΕΥΡΗΚΑ ΜΑΣΣΑΛΙΑΣ ΛΕΒΑΝΤΑ 1,8L/36M -2€",00536,2022,Απρίλιος,312
"ΕΥΡΗΚΑ ΜΑΣΣΑΛΙΑΣ ΛΕΒΑΝΤΑ 1,8L/36M -2€",00536,2022,Μάιος,643
"ΕΥΡΗΚΑ ΜΑΣΣΑΛΙΑΣ ΛΕΒΑΝΤΑ 1,8L/36M -2€",00536,2022,Ιούνιος,563
"ΕΥΡΗΚΑ ΜΑΣΣΑΛΙΑΣ ΛΕΒΑΝΤΑ 1,8L/36M -2€",00536,2022,Ιούλιος,695
"ΕΥΡΗΚΑ ΜΑΣΣΑΛΙΑΣ ΛΕΒΑΝΤΑ 1,8L/36M -2€",00536,2022,Αύγουστος,584
"ΕΥΡΗΚΑ ΜΑΣΣΑΛΙΑΣ ΛΕΒΑΝΤΑ 1,8L/36M -2€",00536,2022,Σεπτέμβριος,553
"ΕΥΡΗΚΑ ΜΑΣΣΑΛΙΑΣ ΛΕΒΑΝΤΑ 1,8L/36M -2€",00536,2022,Οκτώβριος,621
"ΕΥΡΗΚΑ ΜΑΣΣΑΛΙΑΣ ΛΕΒΑΝΤΑ 1,8L/36M -2€",00536,2022,Νοέμβριος,853
"ΕΥΡΗΚΑ ΜΑΣΣΑΛΙΑΣ ΛΕΒΑΝΤΑ 1,8L/36M -2€",00536,2022,Δεκέμβριος,531
"ΕΥΡΗΚΑ ΜΑΣΣΑΛΙΑΣ 2,7L/54M -4€",00546,2022,Ιανουάριος,174
"ΕΥΡΗΚΑ ΜΑΣΣΑΛΙΑΣ 2,7L/54M -4€",00546,2022,Φεβρουάριος,609
"ΕΥΡΗΚΑ ΜΑΣΣΑΛΙΑΣ 2,7L/54M -4€",00546,2022,Μάρτιος,1594
"ΕΥΡΗΚΑ ΜΑΣΣΑΛΙΑΣ 2,7L/54M -4€",00546,2022,Απρίλιος,303
"ΕΥΡΗΚΑ ΜΑΣΣΑΛΙΑΣ 2,7L/54M -4€",00546,2022,Μάιος,165
"ΕΥΡΗΚΑ ΜΑΣΣΑΛΙΑΣ 2,7L/54M -4€",00546,2022,Ιούνιος,410
"ΕΥΡΗΚΑ ΜΑΣΣΑΛΙΑΣ 2,7L/54M -4€",00546,2022,Ιούλιος,621
"ΕΥΡΗΚΑ ΜΑΣΣΑΛΙΑΣ 2,7L/54M -4€",00546,2022,Αύγουστος,640
"ΕΥΡΗΚΑ ΜΑΣΣΑΛΙΑΣ 2,7L/54M -4€",00546,2022,Σεπτέμβριος,468
"ΕΥΡΗΚΑ ΜΑΣΣΑΛΙΑΣ 2,7L/54M -4€",00546,2022,Οκτώβριος,656
"ΕΥΡΗΚΑ ΜΑΣΣΑΛΙΑΣ 2,7L/54M -4€",00546,2022,Νοέμβριος,480
"ΕΥΡΗΚΑ ΜΑΣΣΑΛΙΑΣ 2,7L/54M -4€",00546,2022,Δεκέμβριος,840
ΕΥΡΗΚΑ SENSO 1 LT ΠΡΟΣΦ.,0096,2022,Ιανουάριος,600
ΕΥΡΗΚΑ SENSO 1 LT ΠΡΟΣΦ.,0096,2022,Φεβρουάριος,509
ΕΥΡΗΚΑ SENSO 1 LT ΠΡΟΣΦ.,0096,2022,Μάρτιος,585
ΕΥΡΗΚΑ SENSO 1 LT ΠΡΟΣΦ.,0096,2022,Απρίλιος,549
ΕΥΡΗΚΑ SENSO 1 LT ΠΡΟΣΦ.,0096,2022,Μάιος,757
ΕΥΡΗΚΑ SENSO 1 LT ΠΡΟΣΦ.,0096,2022,Ιούνιος,732
ΕΥΡΗΚΑ SENSO 1 LT ΠΡΟΣΦ.,0096,2022,Ιούλιος,827
ΕΥΡΗΚΑ SENSO 1 LT ΠΡΟΣΦ.,0096,2022,Αύγουστος,957
ΕΥΡΗΚΑ SENSO 1 LT ΠΡΟΣΦ.,0096,2022,Σεπτέμβριος,933
ΕΥΡΗΚΑ SENSO 1 LT ΠΡΟΣΦ.,0096,2022,Οκτώβριος,918
ΕΥΡΗΚΑ SENSO 1 LT ΠΡΟΣΦ.,0096,2022,Νοέμβριος,927
ΕΥΡΗΚΑ SENSO 1 LT ΠΡΟΣΦ.,0096,2022,Δεκέμβριος,366
ΜΑΣΣΑΛ SECRETS ΜΑΛ/ΚΟ ΚΛΑΣΣΙΚΟ 2L-1€,010012CYP,2022,Ιανουάριος,120
ΜΑΣΣΑΛ SECRETS ΜΑΛ/ΚΟ ΚΛΑΣΣΙΚΟ 2L-1€,010012CYP,2022,Φεβρουάριος,2020
ΜΑΣΣΑΛ SECRETS ΜΑΛ/ΚΟ ΚΛΑΣΣΙΚΟ 2L-1€,010012CYP,2022,Μάρτιος,960
ΜΑΣΣΑΛ SECRETS ΜΑΛ/ΚΟ ΚΛΑΣΣΙΚΟ 2L-1€,010012CYP,2022,Απρίλιος,660
ΜΑΣΣΑΛ SECRETS ΜΑΛ/ΚΟ ΚΛΑΣΣΙΚΟ 2L-1€,010012CYP,2022,Μάιος,1075
ΜΑΣΣΑΛ SECRETS ΜΑΛ/ΚΟ ΚΛΑΣΣΙΚΟ 2L-1€,010012CYP,2022,Ιούνιος,979
ΜΑΣΣΑΛ SECRETS ΜΑΛ/ΚΟ ΚΛΑΣΣΙΚΟ 2L-1€,010012CYP,2022,Ιούλιος,1759
ΜΑΣΣΑΛ SECRETS ΜΑΛ/ΚΟ ΚΛΑΣΣΙΚΟ 2L-1€,010012CYP,2022,Αύγουστος,0
ΜΑΣΣΑΛ SECRETS ΜΑΛ/ΚΟ ΚΛΑΣΣΙΚΟ 2L-1€,010012CYP,2022,Σεπτέμβριος,1320
ΜΑΣΣΑΛ SECRETS ΜΑΛ/ΚΟ ΚΛΑΣΣΙΚΟ 2L-1€,010012CYP,2022,Οκτώβριος,480
ΜΑΣΣΑΛ SECRETS ΜΑΛ/ΚΟ ΚΛΑΣΣΙΚΟ 2L-1€,010012CYP,2022,Νοέμβριος,1555
ΜΑΣΣΑΛ SECRETS ΜΑΛ/ΚΟ ΚΛΑΣΣΙΚΟ 2L-1€,010012CYP,2022,Δεκέμβριος,1380
ΜΑΣΣΑΛ SECRETS ΜΑΛ/ΚΟ ΜΑΣΤΙΧΑ 2L -1€,010022CYP,2022,Ιανουάριος,0
ΜΑΣΣΑΛ SECRETS ΜΑΛ/ΚΟ ΜΑΣΤΙΧΑ 2L -1€,010022CYP,2022,Φεβρουάριος,1278
ΜΑΣΣΑΛ SECRETS ΜΑΛ/ΚΟ ΜΑΣΤΙΧΑ 2L -1€,010022CYP,2022,Μάρτιος,540
ΜΑΣΣΑΛ SECRETS ΜΑΛ/ΚΟ ΜΑΣΤΙΧΑ 2L -1€,010022CYP,2022,Απρίλιος,163
ΜΑΣΣΑΛ SECRETS ΜΑΛ/ΚΟ ΜΑΣΤΙΧΑ 2L -1€,010022CYP,2022,Μάιος,600
ΜΑΣΣΑΛ SECRETS ΜΑΛ/ΚΟ ΜΑΣΤΙΧΑ 2L -1€,010022CYP,2022,Ιούνιος,691
ΜΑΣΣΑΛ SECRETS ΜΑΛ/ΚΟ ΜΑΣΤΙΧΑ 2L -1€,010022CYP,2022,Ιούλιος,560
ΜΑΣΣΑΛ SECRETS ΜΑΛ/ΚΟ ΜΑΣΤΙΧΑ 2L -1€,010022CYP,2022,Αύγουστος,180
ΜΑΣΣΑΛ SECRETS ΜΑΛ/ΚΟ ΜΑΣΤΙΧΑ 2L -1€,010022CYP,2022,Σεπτέμβριος,484
ΜΑΣΣΑΛ SECRETS ΜΑΛ/ΚΟ ΜΑΣΤΙΧΑ 2L -1€,010022CYP,2022,Οκτώβριος,600
ΜΑΣΣΑΛ SECRETS ΜΑΛ/ΚΟ ΜΑΣΤΙΧΑ 2L -1€,010022CYP,2022,Νοέμβριος,960
ΜΑΣΣΑΛ SECRETS ΜΑΛ/ΚΟ ΜΑΣΤΙΧΑ 2L -1€,010022CYP,2022,Δεκέμβριος,0
ΜΑΣΣΑΛ SECR ΜΑΛ/ΚΟ FL GARDEN 2L -1€,010042CYP,2022,Ιανουάριος,397
ΜΑΣΣΑΛ SECR ΜΑΛ/ΚΟ FL GARDEN 2L -1€,010042CYP,2022,Φεβρουάριος,1257
ΜΑΣΣΑΛ SECR ΜΑΛ/ΚΟ FL GARDEN 2L -1€,010042CYP,2022,Μάρτιος,600
ΜΑΣΣΑΛ SECR ΜΑΛ/ΚΟ FL GARDEN 2L -1€,010042CYP,2022,Απρίλιος,120
ΜΑΣΣΑΛ SECR ΜΑΛ/ΚΟ FL GARDEN 2L -1€,010042CYP,2022,Μάιος,566
ΜΑΣΣΑΛ SECR ΜΑΛ/ΚΟ FL GARDEN 2L -1€,010042CYP,2022,Ιούνιος,583
ΜΑΣΣΑΛ SECR ΜΑΛ/ΚΟ FL GARDEN 2L -1€,010042CYP,2022,Ιούλιος,621
ΜΑΣΣΑΛ SECR ΜΑΛ/ΚΟ FL GARDEN 2L -1€,010042CYP,2022,Αύγουστος,420
ΜΑΣΣΑΛ SECR ΜΑΛ/ΚΟ FL GARDEN 2L -1€,010042CYP,2022,Σεπτέμβριος,270
ΜΑΣΣΑΛ SECR ΜΑΛ/ΚΟ FL GARDEN 2L -1€,010042CYP,2022,Οκτώβριος,600
ΜΑΣΣΑΛ SECR ΜΑΛ/ΚΟ FL GARDEN 2L -1€,010042CYP,2022,Νοέμβριος,560
ΜΑΣΣΑΛ SECR ΜΑΛ/ΚΟ FL GARDEN 2L -1€,010042CYP,2022,Δεκέμβριος,960
ΜΑΣΣΑΛ SECRETS ΜΑΛ/ΚΟ BLACK 2L-1€,010051CYP,2022,Ιανουάριος,360
ΜΑΣΣΑΛ SECRETS ΜΑΛ/ΚΟ BLACK 2L-1€,010051CYP,2022,Φεβρουάριος,1053
ΜΑΣΣΑΛ SECRETS ΜΑΛ/ΚΟ BLACK 2L-1€,010051CYP,2022,Μάρτιος,0
ΜΑΣΣΑΛ SECRETS ΜΑΛ/ΚΟ BLACK 2L-1€,010051CYP,2022,Απρίλιος,850
ΜΑΣΣΑΛ SECRETS ΜΑΛ/ΚΟ BLACK 2L-1€,010051CYP,2022,Μάιος,1156
ΜΑΣΣΑΛ SECRETS ΜΑΛ/ΚΟ BLACK 2L-1€,010051CYP,2022,Ιούνιος,480
ΜΑΣΣΑΛ SECRETS ΜΑΛ/ΚΟ BLACK 2L-1€,010051CYP,2022,Ιούλιος,660
ΜΑΣΣΑΛ SECRETS ΜΑΛ/ΚΟ BLACK 2L-1€,010051CYP,2022,Αύγουστος,581
ΜΑΣΣΑΛ SECRETS ΜΑΛ/ΚΟ BLACK 2L-1€,010051CYP,2022,Σεπτέμβριος,0
ΜΑΣΣΑΛ SECRETS ΜΑΛ/ΚΟ BLACK 2L-1€,010051CYP,2022,Οκτώβριος,840
ΜΑΣΣΑΛ SECRETS ΜΑΛ/ΚΟ BLACK 2L-1€,010051CYP,2022,Νοέμβριος,768
ΜΑΣΣΑΛ SECRETS ΜΑΛ/ΚΟ BLACK 2L-1€,010051CYP,2022,Δεκέμβριος,1303
FAMOZO FRESH TRG 750ML 16PCS,030106,2022,Ιανουάριος,230
FAMOZO FRESH TRG 750ML 16PCS,030106,2022,Φεβρουάριος,903
FAMOZO FRESH TRG 750ML 16PCS,030106,2022,Μάρτιος,460
FAMOZO FRESH TRG 750ML 16PCS,030106,2022,Απρίλιος,0
FAMOZO FRESH TRG 750ML 16PCS,030106,2022,Μάιος,120
FAMOZO FRESH TRG 750ML 16PCS,030106,2022,Ιούνιος,380
FAMOZO FRESH TRG 750ML 16PCS,030106,2022,Ιούλιος,0
FAMOZO FRESH TRG 750ML 16PCS,030106,2022,Αύγουστος,240
FAMOZO FRESH TRG 750ML 16PCS,030106,2022,Σεπτέμβριος,0
FAMOZO FRESH TRG 750ML 16PCS,030106,2022,Οκτώβριος,390
FAMOZO FRESH TRG 750ML 16PCS,030106,2022,Νοέμβριος,652
FAMOZO FRESH TRG 750ML 16PCS,030106,2022,Δεκέμβριος,360
FAMOZO FRESH RFL 750ML 16PCS,030206,2022,Ιανουάριος,583
FAMOZO FRESH RFL 750ML 16PCS,030206,2022,Φεβρουάριος,728
FAMOZO FRESH RFL 750ML 16PCS,030206,2022,Μάρτιος,504
FAMOZO FRESH RFL 750ML 16PCS,030206,2022,Απρίλιος,0
FAMOZO FRESH RFL 750ML 16PCS,030206,2022,Μάιος,180
FAMOZO FRESH RFL 750ML 16PCS,030206,2022,Ιούνιος,228
FAMOZO FRESH RFL 750ML 16PCS,030206,2022,Ιούλιος,300
FAMOZO FRESH RFL 750ML 16PCS,030206,2022,Αύγουστος,336
FAMOZO FRESH RFL 750ML 16PCS,030206,2022,Σεπτέμβριος,180
FAMOZO FRESH RFL 750ML 16PCS,030206,2022,Οκτώβριος,674
FAMOZO FRESH RFL 750ML 16PCS,030206,2022,Νοέμβριος,468
FAMOZO FRESH RFL 750ML 16PCS,030206,2022,Δεκέμβριος,270
FAMOZO CLEAR RFL 750ML 16PCS,030406,2022,Ιανουάριος,300
FAMOZO CLEAR RFL 750ML 16PCS,030406,2022,Φεβρουάριος,539
FAMOZO CLEAR RFL 750ML 16PCS,030406,2022,Μάρτιος,0
FAMOZO CLEAR RFL 750ML 16PCS,030406,2022,Απρίλιος,300
FAMOZO CLEAR RFL 750ML 16PCS,030406,2022,Μάιος,36
FAMOZO CLEAR RFL 750ML 16PCS,030406,2022,Ιούνιος,164
FAMOZO CLEAR RFL 750ML 16PCS,030406,2022,Ιούλιος,300
FAMOZO CLEAR RFL 750ML 16PCS,030406,2022,Αύγουστος,300
FAMOZO CLEAR RFL 750ML 16PCS,030406,2022,Σεπτέμβριος,600
FAMOZO CLEAR RFL 750ML 16PCS,030406,2022,Οκτώβριος,0
FAMOZO CLEAR RFL 750ML 16PCS,030406,2022,Νοέμβριος,288
FAMOZO CLEAR RFL 750ML 16PCS,030406,2022,Δεκέμβριος,278
ΕΥΡ HM ΤΖΑΜΙΑ CRYSTAL TRG 750ML -1€,030701,2022,Ιανουάριος,366
ΕΥΡ HM ΤΖΑΜΙΑ CRYSTAL TRG 750ML -1€,030701,2022,Φεβρουάριος,465
ΕΥΡ HM ΤΖΑΜΙΑ CRYSTAL TRG 750ML -1€,030701,2022,Μάρτιος,257
ΕΥΡ HM ΤΖΑΜΙΑ CRYSTAL TRG 750ML -1€,030701,2022,Απρίλιος,399
ΕΥΡ HM ΤΖΑΜΙΑ CRYSTAL TRG 750ML -1€,030701,2022,Μάιος,906
ΕΥΡ HM ΤΖΑΜΙΑ CRYSTAL TRG 750ML -1€,030701,2022,Ιούνιος,235
ΕΥΡ HM ΤΖΑΜΙΑ CRYSTAL TRG 750ML -1€,030701,2022,Ιούλιος,504
ΕΥΡ HM ΤΖΑΜΙΑ CRYSTAL TRG 750ML -1€,030701,2022,Αύγουστος,864
ΕΥΡ HM ΤΖΑΜΙΑ CRYSTAL TRG 750ML -1€,030701,2022,Σεπτέμβριος,655
ΕΥΡ HM ΤΖΑΜΙΑ CRYSTAL TRG 750ML -1€,030701,2022,Οκτώβριος,345
ΕΥΡ HM ΤΖΑΜΙΑ CRYSTAL TRG 750ML -1€,030701,2022,Νοέμβριος,319
ΕΥΡ HM ΤΖΑΜΙΑ CRYSTAL TRG 750ML -1€,030701,2022,Δεκέμβριος,235
"ΕΥΡ HM ΤΖΑΜΙΑ CRYSTAL RFL 750ML-0,9€",030721,2022,Ιανουάριος,227
"ΕΥΡ HM ΤΖΑΜΙΑ CRYSTAL RFL 750ML-0,9€",030721,2022,Φεβρουάριος,287
"ΕΥΡ HM ΤΖΑΜΙΑ CRYSTAL RFL 750ML-0,9€",030721,2022,Μάρτιος,169
"ΕΥΡ HM ΤΖΑΜΙΑ CRYSTAL RFL 750ML-0,9€",030721,2022,Απρίλιος,367
"ΕΥΡ HM ΤΖΑΜΙΑ CRYSTAL RFL 750ML-0,9€",030721,2022,Μάιος,405
"ΕΥΡ HM ΤΖΑΜΙΑ CRYSTAL RFL 750ML-0,9€",030721,2022,Ιούνιος,260
"ΕΥΡ HM ΤΖΑΜΙΑ CRYSTAL RFL 750ML-0,9€",030721,2022,Ιούλιος,305
"ΕΥΡ HM ΤΖΑΜΙΑ CRYSTAL RFL 750ML-0,9€",030721,2022,Αύγουστος,334
"ΕΥΡ HM ΤΖΑΜΙΑ CRYSTAL RFL 750ML-0,9€",030721,2022,Σεπτέμβριος,340
"ΕΥΡ HM ΤΖΑΜΙΑ CRYSTAL RFL 750ML-0,9€",030721,2022,Οκτώβριος,305
"ΕΥΡ HM ΤΖΑΜΙΑ CRYSTAL RFL 750ML-0,9€",030721,2022,Νοέμβριος,354
"ΕΥΡ HM ΤΖΑΜΙΑ CRYSTAL RFL 750ML-0,9€",030721,2022,Δεκέμβριος,183
ΕΥΡΗΚΑ ΥΓΡΟ 750 ML,031010CYP,2022,Ιανουάριος,285
ΕΥΡΗΚΑ ΥΓΡΟ 750 ML,031010CYP,2022,Φεβρουάριος,0
ΕΥΡΗΚΑ ΥΓΡΟ 750 ML,031010CYP,2022,Μάρτιος,1035
ΕΥΡΗΚΑ ΥΓΡΟ 750 ML,031010CYP,2022,Απρίλιος,1001
ΕΥΡΗΚΑ ΥΓΡΟ 750 ML,031010CYP,2022,Μάιος,720
ΕΥΡΗΚΑ ΥΓΡΟ 750 ML,031010CYP,2022,Ιούνιος,1458
ΕΥΡΗΚΑ ΥΓΡΟ 750 ML,031010CYP,2022,Ιούλιος,450
ΕΥΡΗΚΑ ΥΓΡΟ 750 ML,031010CYP,2022,Αύγουστος,0
ΕΥΡΗΚΑ ΥΓΡΟ 750 ML,031010CYP,2022,Σεπτέμβριος,0
ΕΥΡΗΚΑ ΥΓΡΟ 750 ML,031010CYP,2022,Οκτώβριος,990
ΕΥΡΗΚΑ ΥΓΡΟ 750 ML,031010CYP,2022,Νοέμβριος,1006
ΕΥΡΗΚΑ ΥΓΡΟ 750 ML,031010CYP,2022,Δεκέμβριος,540
ΕΥΡΗΚΑ ΥΓ ΠΙΑΤ ΠΟΡΤΟΚΑΛΙ 750ML,031030CYP,2022,Ιανουάριος,0
ΕΥΡΗΚΑ ΥΓ ΠΙΑΤ ΠΟΡΤΟΚΑΛΙ 750ML,031030CYP,2022,Φεβρουάριος,0
ΕΥΡΗΚΑ ΥΓ ΠΙΑΤ ΠΟΡΤΟΚΑΛΙ 750ML,031030CYP,2022,Μάρτιος,765
ΕΥΡΗΚΑ ΥΓ ΠΙΑΤ ΠΟΡΤΟΚΑΛΙ 750ML,031030CYP,2022,Απρίλιος,135
ΕΥΡΗΚΑ ΥΓ ΠΙΑΤ ΠΟΡΤΟΚΑΛΙ 750ML,031030CYP,2022,Μάιος,135
ΕΥΡΗΚΑ ΥΓ ΠΙΑΤ ΠΟΡΤΟΚΑΛΙ 750ML,031030CYP,2022,Ιούνιος,315
ΕΥΡΗΚΑ ΥΓ ΠΙΑΤ ΠΟΡΤΟΚΑΛΙ 750ML,031030CYP,2022,Ιούλιος,540
ΕΥΡΗΚΑ ΥΓ ΠΙΑΤ ΠΟΡΤΟΚΑΛΙ 750ML,031030CYP,2022,Αύγουστος,0
ΕΥΡΗΚΑ ΥΓ ΠΙΑΤ ΠΟΡΤΟΚΑΛΙ 750ML,031030CYP,2022,Σεπτέμβριος,0
ΕΥΡΗΚΑ ΥΓ ΠΙΑΤ ΠΟΡΤΟΚΑΛΙ 750ML,031030CYP,2022,Οκτώβριος,568
ΕΥΡΗΚΑ ΥΓ ΠΙΑΤ ΠΟΡΤΟΚΑΛΙ 750ML,031030CYP,2022,Νοέμβριος,450
ΕΥΡΗΚΑ ΥΓ ΠΙΑΤ ΠΟΡΤΟΚΑΛΙ 750ML,031030CYP,2022,Δεκέμβριος,90
ΕΥΡΗΚΑ ΥΓ ΠΙΑΤ PLUS 750ML 18ΤΜΧ,031161CYP,2022,Ιανουάριος,0
ΕΥΡΗΚΑ ΥΓ ΠΙΑΤ PLUS 750ML 18ΤΜΧ,031161CYP,2022,Φεβρουάριος,144
ΕΥΡΗΚΑ ΥΓ ΠΙΑΤ PLUS 750ML 18ΤΜΧ,031161CYP,2022,Μάρτιος,468
ΕΥΡΗΚΑ ΥΓ ΠΙΑΤ PLUS 750ML 18ΤΜΧ,031161CYP,2022,Απρίλιος,0
ΕΥΡΗΚΑ ΥΓ ΠΙΑΤ PLUS 750ML 18ΤΜΧ,031161CYP,2022,Μάιος,288
ΕΥΡΗΚΑ ΥΓ ΠΙΑΤ PLUS 750ML 18ΤΜΧ,031161CYP,2022,Ιούνιος,378
ΕΥΡΗΚΑ ΥΓ ΠΙΑΤ PLUS 750ML 18ΤΜΧ,031161CYP,2022,Ιούλιος,819
ΕΥΡΗΚΑ ΥΓ ΠΙΑΤ PLUS 750ML 18ΤΜΧ,031161CYP,2022,Αύγουστος,0
ΕΥΡΗΚΑ ΥΓ ΠΙΑΤ PLUS 750ML 18ΤΜΧ,031161CYP,2022,Σεπτέμβριος,324
ΕΥΡΗΚΑ ΥΓ ΠΙΑΤ PLUS 750ML 18ΤΜΧ,031161CYP,2022,Οκτώβριος,0
ΕΥΡΗΚΑ ΥΓ ΠΙΑΤ PLUS 750ML 18ΤΜΧ,031161CYP,2022,Νοέμβριος,486
ΕΥΡΗΚΑ ΥΓ ΠΙΑΤ PLUS 750ML 18ΤΜΧ,031161CYP,2022,Δεκέμβριος,720
"ΕΥΡΗΚΑ ΥΓΡΟ ΠΙΑΤΩΝ PLUS 750ML -0,40€",031163CYP,2022,Ιανουάριος,508
"ΕΥΡΗΚΑ ΥΓΡΟ ΠΙΑΤΩΝ PLUS 750ML -0,40€",031163CYP,2022,Φεβρουάριος,0
"ΕΥΡΗΚΑ ΥΓΡΟ ΠΙΑΤΩΝ PLUS 750ML -0,40€",031163CYP,2022,Μάρτιος,382
"ΕΥΡΗΚΑ ΥΓΡΟ ΠΙΑΤΩΝ PLUS 750ML -0,40€",031163CYP,2022,Απρίλιος,144
"ΕΥΡΗΚΑ ΥΓΡΟ ΠΙΑΤΩΝ PLUS 750ML -0,40€",031163CYP,2022,Μάιος,396
"ΕΥΡΗΚΑ ΥΓΡΟ ΠΙΑΤΩΝ PLUS 750ML -0,40€",031163CYP,2022,Ιούνιος,374
"ΕΥΡΗΚΑ ΥΓΡΟ ΠΙΑΤΩΝ PLUS 750ML -0,40€",031163CYP,2022,Ιούλιος,1118
"ΕΥΡΗΚΑ ΥΓΡΟ ΠΙΑΤΩΝ PLUS 750ML -0,40€",031163CYP,2022,Αύγουστος,0
"ΕΥΡΗΚΑ ΥΓΡΟ ΠΙΑΤΩΝ PLUS 750ML -0,40€",031163CYP,2022,Σεπτέμβριος,468
"ΕΥΡΗΚΑ ΥΓΡΟ ΠΙΑΤΩΝ PLUS 750ML -0,40€",031163CYP,2022,Οκτώβριος,779
"ΕΥΡΗΚΑ ΥΓΡΟ ΠΙΑΤΩΝ PLUS 750ML -0,40€",031163CYP,2022,Νοέμβριος,0
"ΕΥΡΗΚΑ ΥΓΡΟ ΠΙΑΤΩΝ PLUS 750ML -0,40€",031163CYP,2022,Δεκέμβριος,1152
ΕΥΡΗΚΑ EXTRA 500 ML ΚΥΠΡΟΥ,031200CYP,2022,Ιανουάριος,344
ΕΥΡΗΚΑ EXTRA 500 ML ΚΥΠΡΟΥ,031200CYP,2022,Φεβρουάριος,758
ΕΥΡΗΚΑ EXTRA 500 ML ΚΥΠΡΟΥ,031200CYP,2022,Μάρτιος,454
ΕΥΡΗΚΑ EXTRA 500 ML ΚΥΠΡΟΥ,031200CYP,2022,Απρίλιος,1007
ΕΥΡΗΚΑ EXTRA 500 ML ΚΥΠΡΟΥ,031200CYP,2022,Μάιος,630
ΕΥΡΗΚΑ EXTRA 500 ML ΚΥΠΡΟΥ,031200CYP,2022,Ιούνιος,1152
ΕΥΡΗΚΑ EXTRA 500 ML ΚΥΠΡΟΥ,031200CYP,2022,Ιούλιος,906
ΕΥΡΗΚΑ EXTRA 500 ML ΚΥΠΡΟΥ,031200CYP,2022,Αύγουστος,0
ΕΥΡΗΚΑ EXTRA 500 ML ΚΥΠΡΟΥ,031200CYP,2022,Σεπτέμβριος,840
ΕΥΡΗΚΑ EXTRA 500 ML ΚΥΠΡΟΥ,031200CYP,2022,Οκτώβριος,553
ΕΥΡΗΚΑ EXTRA 500 ML ΚΥΠΡΟΥ,031200CYP,2022,Νοέμβριος,1260
ΕΥΡΗΚΑ EXTRA 500 ML ΚΥΠΡΟΥ,031200CYP,2022,Δεκέμβριος,225
ΕΥΡΗΚΑ ΥΓ ΠΙΑΤ EXTRA 750ML 18ΤΜΧ,031251CYP,2022,Ιανουάριος,252
ΕΥΡΗΚΑ ΥΓ ΠΙΑΤ EXTRA 750ML 18ΤΜΧ,031251CYP,2022,Φεβρουάριος,252
ΕΥΡΗΚΑ ΥΓ ΠΙΑΤ EXTRA 750ML 18ΤΜΧ,031251CYP,2022,Μάρτιος,540
ΕΥΡΗΚΑ ΥΓ ΠΙΑΤ EXTRA 750ML 18ΤΜΧ,031251CYP,2022,Απρίλιος,576
ΕΥΡΗΚΑ ΥΓ ΠΙΑΤ EXTRA 750ML 18ΤΜΧ,031251CYP,2022,Μάιος,974
ΕΥΡΗΚΑ ΥΓ ΠΙΑΤ EXTRA 750ML 18ΤΜΧ,031251CYP,2022,Ιούνιος,0
ΕΥΡΗΚΑ ΥΓ ΠΙΑΤ EXTRA 750ML 18ΤΜΧ,031251CYP,2022,Ιούλιος,504
ΕΥΡΗΚΑ ΥΓ ΠΙΑΤ EXTRA 750ML 18ΤΜΧ,031251CYP,2022,Αύγουστος,0
ΕΥΡΗΚΑ ΥΓ ΠΙΑΤ EXTRA 750ML 18ΤΜΧ,031251CYP,2022,Σεπτέμβριος,360
ΕΥΡΗΚΑ ΥΓ ΠΙΑΤ EXTRA 750ML 18ΤΜΧ,031251CYP,2022,Οκτώβριος,935
ΕΥΡΗΚΑ ΥΓ ΠΙΑΤ EXTRA 750ML 18ΤΜΧ,031251CYP,2022,Νοέμβριος,972
ΕΥΡΗΚΑ ΥΓ ΠΙΑΤ EXTRA 750ML 18ΤΜΧ,031251CYP,2022,Δεκέμβριος,396
"ΕΥΡΗΚΑ ΥΓ ΠΙΑΤΩΝ EXTRA 750ML -0,40€",031253CYP,2022,Ιανουάριος,432
"ΕΥΡΗΚΑ ΥΓ ΠΙΑΤΩΝ EXTRA 750ML -0,40€",031253CYP,2022,Φεβρουάριος,324
"ΕΥΡΗΚΑ ΥΓ ΠΙΑΤΩΝ EXTRA 750ML -0,40€",031253CYP,2022,Μάρτιος,648
"ΕΥΡΗΚΑ ΥΓ ΠΙΑΤΩΝ EXTRA 750ML -0,40€",031253CYP,2022,Απρίλιος,491
"ΕΥΡΗΚΑ ΥΓ ΠΙΑΤΩΝ EXTRA 750ML -0,40€",031253CYP,2022,Μάιος,728
"ΕΥΡΗΚΑ ΥΓ ΠΙΑΤΩΝ EXTRA 750ML -0,40€",031253CYP,2022,Ιούνιος,0
"ΕΥΡΗΚΑ ΥΓ ΠΙΑΤΩΝ EXTRA 750ML -0,40€",031253CYP,2022,Ιούλιος,1358
"ΕΥΡΗΚΑ ΥΓ ΠΙΑΤΩΝ EXTRA 750ML -0,40€",031253CYP,2022,Αύγουστος,0
"ΕΥΡΗΚΑ ΥΓ ΠΙΑΤΩΝ EXTRA 750ML -0,40€",031253CYP,2022,Σεπτέμβριος,683
"ΕΥΡΗΚΑ ΥΓ ΠΙΑΤΩΝ EXTRA 750ML -0,40€",031253CYP,2022,Οκτώβριος,216
"ΕΥΡΗΚΑ ΥΓ ΠΙΑΤΩΝ EXTRA 750ML -0,40€",031253CYP,2022,Νοέμβριος,1421
"ΕΥΡΗΚΑ ΥΓ ΠΙΑΤΩΝ EXTRA 750ML -0,40€",031253CYP,2022,Δεκέμβριος,504
RIVEX F/P CLASSIC 400ML PROMO 12PCS^,0356ROM,2022,Ιανουάριος,252
RIVEX F/P CLASSIC 400ML PROMO 12PCS^,0356ROM,2022,Φεβρουάριος,239
RIVEX F/P CLASSIC 400ML PROMO 12PCS^,0356ROM,2022,Μάρτιος,252
RIVEX F/P CLASSIC 400ML PROMO 12PCS^,0356ROM,2022,Απρίλιος,364
RIVEX F/P CLASSIC 400ML PROMO 12PCS^,0356ROM,2022,Μάιος,252
RIVEX F/P CLASSIC 400ML PROMO 12PCS^,0356ROM,2022,Ιούνιος,303
RIVEX F/P CLASSIC 400ML PROMO 12PCS^,0356ROM,2022,Ιούλιος,1028
RIVEX F/P CLASSIC 400ML PROMO 12PCS^,0356ROM,2022,Αύγουστος,0
RIVEX F/P CLASSIC 400ML PROMO 12PCS^,0356ROM,2022,Σεπτέμβριος,1023
RIVEX F/P CLASSIC 400ML PROMO 12PCS^,0356ROM,2022,Οκτώβριος,485
RIVEX F/P CLASSIC 400ML PROMO 12PCS^,0356ROM,2022,Νοέμβριος,0
RIVEX F/P CLASSIC 400ML PROMO 12PCS^,0356ROM,2022,Δεκέμβριος,909
RIVEX F/P CLASSIC 300ML 12PCS^,0369ROM,2022,Ιανουάριος,294
RIVEX F/P CLASSIC 300ML 12PCS^,0369ROM,2022,Φεβρουάριος,294
RIVEX F/P CLASSIC 300ML 12PCS^,0369ROM,2022,Μάρτιος,294
RIVEX F/P CLASSIC 300ML 12PCS^,0369ROM,2022,Απρίλιος,640
RIVEX F/P CLASSIC 300ML 12PCS^,0369ROM,2022,Μάιος,0
RIVEX F/P CLASSIC 300ML 12PCS^,0369ROM,2022,Ιούνιος,0
RIVEX F/P CLASSIC 300ML 12PCS^,0369ROM,2022,Ιούλιος,1607
RIVEX F/P CLASSIC 300ML 12PCS^,0369ROM,2022,Αύγουστος,0
RIVEX F/P CLASSIC 300ML 12PCS^,0369ROM,2022,Σεπτέμβριος,3273
RIVEX F/P CLASSIC 300ML 12PCS^,0369ROM,2022,Οκτώβριος,0
RIVEX F/P CLASSIC 300ML 12PCS^,0369ROM,2022,Νοέμβριος,0
RIVEX F/P CLASSIC 300ML 12PCS^,0369ROM,2022,Δεκέμβριος,1003
RIVEX F/P SPRING FRESH 300ML 12PCS^,0392ROM,2022,Ιανουάριος,294
RIVEX F/P SPRING FRESH 300ML 12PCS^,0392ROM,2022,Φεβρουάριος,441
RIVEX F/P SPRING FRESH 300ML 12PCS^,0392ROM,2022,Μάρτιος,294
RIVEX F/P SPRING FRESH 300ML 12PCS^,0392ROM,2022,Απρίλιος,130
RIVEX F/P SPRING FRESH 300ML 12PCS^,0392ROM,2022,Μάιος,0
RIVEX F/P SPRING FRESH 300ML 12PCS^,0392ROM,2022,Ιούνιος,0
RIVEX F/P SPRING FRESH 300ML 12PCS^,0392ROM,2022,Ιούλιος,1176
RIVEX F/P SPRING FRESH 300ML 12PCS^,0392ROM,2022,Αύγουστος,0
RIVEX F/P SPRING FRESH 300ML 12PCS^,0392ROM,2022,Σεπτέμβριος,2559
RIVEX F/P SPRING FRESH 300ML 12PCS^,0392ROM,2022,Οκτώβριος,0
RIVEX F/P SPRING FRESH 300ML 12PCS^,0392ROM,2022,Νοέμβριος,337
RIVEX F/P SPRING FRESH 300ML 12PCS^,0392ROM,2022,Δεκέμβριος,878
FLUP ΖΕΣΤΟ ΝΕΡΟ 80GR 4x12ΤΜΧ,0402UKR,2022,Ιανουάριος,1600
FLUP ΖΕΣΤΟ ΝΕΡΟ 80GR 4x12ΤΜΧ,0402UKR,2022,Φεβρουάριος,1600
FLUP ΖΕΣΤΟ ΝΕΡΟ 80GR 4x12ΤΜΧ,0402UKR,2022,Μάρτιος,0
FLUP ΖΕΣΤΟ ΝΕΡΟ 80GR 4x12ΤΜΧ,0402UKR,2022,Απρίλιος,0
FLUP ΖΕΣΤΟ ΝΕΡΟ 80GR 4x12ΤΜΧ,0402UKR,2022,Μάιος,0
FLUP ΖΕΣΤΟ ΝΕΡΟ 80GR 4x12ΤΜΧ,0402UKR,2022,Ιούνιος,1600
FLUP ΖΕΣΤΟ ΝΕΡΟ 80GR 4x12ΤΜΧ,0402UKR,2022,Ιούλιος,1900
FLUP ΖΕΣΤΟ ΝΕΡΟ 80GR 4x12ΤΜΧ,0402UKR,2022,Αύγουστος,0
FLUP ΖΕΣΤΟ ΝΕΡΟ 80GR 4x12ΤΜΧ,0402UKR,2022,Σεπτέμβριος,1387
FLUP ΖΕΣΤΟ ΝΕΡΟ 80GR 4x12ΤΜΧ,0402UKR,2022,Οκτώβριος,2200
FLUP ΖΕΣΤΟ ΝΕΡΟ 80GR 4x12ΤΜΧ,0402UKR,2022,Νοέμβριος,0
FLUP ΖΕΣΤΟ ΝΕΡΟ 80GR 4x12ΤΜΧ,0402UKR,2022,Δεκέμβριος,0
FLUP ΚΡΥΟ ΝΕΡΟ 60GR 4x12ΤΜΧ,0424UKR,2022,Ιανουάριος,1200
FLUP ΚΡΥΟ ΝΕΡΟ 60GR 4x12ΤΜΧ,0424UKR,2022,Φεβρουάριος,1320
FLUP ΚΡΥΟ ΝΕΡΟ 60GR 4x12ΤΜΧ,0424UKR,2022,Μάρτιος,0
FLUP ΚΡΥΟ ΝΕΡΟ 60GR 4x12ΤΜΧ,0424UKR,2022,Απρίλιος,0
FLUP ΚΡΥΟ ΝΕΡΟ 60GR 4x12ΤΜΧ,0424UKR,2022,Μάιος,0
FLUP ΚΡΥΟ ΝΕΡΟ 60GR 4x12ΤΜΧ,0424UKR,2022,Ιούνιος,1440
FLUP ΚΡΥΟ ΝΕΡΟ 60GR 4x12ΤΜΧ,0424UKR,2022,Ιούλιος,1680
FLUP ΚΡΥΟ ΝΕΡΟ 60GR 4x12ΤΜΧ,0424UKR,2022,Αύγουστος,0
FLUP ΚΡΥΟ ΝΕΡΟ 60GR 4x12ΤΜΧ,0424UKR,2022,Σεπτέμβριος,1464
FLUP ΚΡΥΟ ΝΕΡΟ 60GR 4x12ΤΜΧ,0424UKR,2022,Οκτώβριος,1320
FLUP ΚΡΥΟ ΝΕΡΟ 60GR 4x12ΤΜΧ,0424UKR,2022,Νοέμβριος,0
FLUP ΚΡΥΟ ΝΕΡΟ 60GR 4x12ΤΜΧ,0424UKR,2022,Δεκέμβριος,0
FLUP ΑΠΟΦΡ.60GR ΜΕ ΚΡΥΟ ΝΕΡΟ 2+1ΔΩΡΟ,0428,2022,Ιανουάριος,108
FLUP ΑΠΟΦΡ.60GR ΜΕ ΚΡΥΟ ΝΕΡΟ 2+1ΔΩΡΟ,0428,2022,Φεβρουάριος,1497
FLUP ΑΠΟΦΡ.60GR ΜΕ ΚΡΥΟ ΝΕΡΟ 2+1ΔΩΡΟ,0428,2022,Μάρτιος,182
FLUP ΑΠΟΦΡ.60GR ΜΕ ΚΡΥΟ ΝΕΡΟ 2+1ΔΩΡΟ,0428,2022,Απρίλιος,1567
FLUP ΑΠΟΦΡ.60GR ΜΕ ΚΡΥΟ ΝΕΡΟ 2+1ΔΩΡΟ,0428,2022,Μάιος,967
FLUP ΑΠΟΦΡ.60GR ΜΕ ΚΡΥΟ ΝΕΡΟ 2+1ΔΩΡΟ,0428,2022,Ιούνιος,147
FLUP ΑΠΟΦΡ.60GR ΜΕ ΚΡΥΟ ΝΕΡΟ 2+1ΔΩΡΟ,0428,2022,Ιούλιος,1448
FLUP ΑΠΟΦΡ.60GR ΜΕ ΚΡΥΟ ΝΕΡΟ 2+1ΔΩΡΟ,0428,2022,Αύγουστος,145
FLUP ΑΠΟΦΡ.60GR ΜΕ ΚΡΥΟ ΝΕΡΟ 2+1ΔΩΡΟ,0428,2022,Σεπτέμβριος,478
FLUP ΑΠΟΦΡ.60GR ΜΕ ΚΡΥΟ ΝΕΡΟ 2+1ΔΩΡΟ,0428,2022,Οκτώβριος,785
FLUP ΑΠΟΦΡ.60GR ΜΕ ΚΡΥΟ ΝΕΡΟ 2+1ΔΩΡΟ,0428,2022,Νοέμβριος,1168
FLUP ΑΠΟΦΡ.60GR ΜΕ ΚΡΥΟ ΝΕΡΟ 2+1ΔΩΡΟ,0428,2022,Δεκέμβριος,59
FLUP ΑΠΟΦΡ(ΖΕΣΤΟ ΝΕΡΟ)80Γ Ε Σ 2+1 Δ,051006,2022,Ιανουάριος,266
FLUP ΑΠΟΦΡ(ΖΕΣΤΟ ΝΕΡΟ)80Γ Ε Σ 2+1 Δ,051006,2022,Φεβρουάριος,1421
FLUP ΑΠΟΦΡ(ΖΕΣΤΟ ΝΕΡΟ)80Γ Ε Σ 2+1 Δ,051006,2022,Μάρτιος,556
FLUP ΑΠΟΦΡ(ΖΕΣΤΟ ΝΕΡΟ)80Γ Ε Σ 2+1 Δ,051006,2022,Απρίλιος,948
FLUP ΑΠΟΦΡ(ΖΕΣΤΟ ΝΕΡΟ)80Γ Ε Σ 2+1 Δ,051006,2022,Μάιος,1032
FLUP ΑΠΟΦΡ(ΖΕΣΤΟ ΝΕΡΟ)80Γ Ε Σ 2+1 Δ,051006,2022,Ιούνιος,250
FLUP ΑΠΟΦΡ(ΖΕΣΤΟ ΝΕΡΟ)80Γ Ε Σ 2+1 Δ,051006,2022,Ιούλιος,852
FLUP ΑΠΟΦΡ(ΖΕΣΤΟ ΝΕΡΟ)80Γ Ε Σ 2+1 Δ,051006,2022,Αύγουστος,329
FLUP ΑΠΟΦΡ(ΖΕΣΤΟ ΝΕΡΟ)80Γ Ε Σ 2+1 Δ,051006,2022,Σεπτέμβριος,678
FLUP ΑΠΟΦΡ(ΖΕΣΤΟ ΝΕΡΟ)80Γ Ε Σ 2+1 Δ,051006,2022,Οκτώβριος,520
FLUP ΑΠΟΦΡ(ΖΕΣΤΟ ΝΕΡΟ)80Γ Ε Σ 2+1 Δ,051006,2022,Νοέμβριος,1253
FLUP ΑΠΟΦΡ(ΖΕΣΤΟ ΝΕΡΟ)80Γ Ε Σ 2+1 Δ,051006,2022,Δεκέμβριος,154
PEAK OUT HOT 80GR 48PCS,051015ROM,2022,Ιανουάριος,2976
PEAK OUT HOT 80GR 48PCS,051015ROM,2022,Φεβρουάριος,3022
PEAK OUT HOT 80GR 48PCS,051015ROM,2022,Μάρτιος,2400
PEAK OUT HOT 80GR 48PCS,051015ROM,2022,Απρίλιος,60
PEAK OUT HOT 80GR 48PCS,051015ROM,2022,Μάιος,2253
PEAK OUT HOT 80GR 48PCS,051015ROM,2022,Ιούνιος,1728
PEAK OUT HOT 80GR 48PCS,051015ROM,2022,Ιούλιος,5183
PEAK OUT HOT 80GR 48PCS,051015ROM,2022,Αύγουστος,0
PEAK OUT HOT 80GR 48PCS,051015ROM,2022,Σεπτέμβριος,5990
PEAK OUT HOT 80GR 48PCS,051015ROM,2022,Οκτώβριος,0
PEAK OUT HOT 80GR 48PCS,051015ROM,2022,Νοέμβριος,4807
PEAK OUT HOT 80GR 48PCS,051015ROM,2022,Δεκέμβριος,5671
PEAK OUT COLD WATER 60GR 48PCS,051064ROM,2022,Ιανουάριος,5148
PEAK OUT COLD WATER 60GR 48PCS,051064ROM,2022,Φεβρουάριος,2667
PEAK OUT COLD WATER 60GR 48PCS,051064ROM,2022,Μάρτιος,3295
PEAK OUT COLD WATER 60GR 48PCS,051064ROM,2022,Απρίλιος,936
PEAK OUT COLD WATER 60GR 48PCS,051064ROM,2022,Μάιος,2406
PEAK OUT COLD WATER 60GR 48PCS,051064ROM,2022,Ιούνιος,1404
PEAK OUT COLD WATER 60GR 48PCS,051064ROM,2022,Ιούλιος,4985
PEAK OUT COLD WATER 60GR 48PCS,051064ROM,2022,Αύγουστος,1755
PEAK OUT COLD WATER 60GR 48PCS,051064ROM,2022,Σεπτέμβριος,5778
PEAK OUT COLD WATER 60GR 48PCS,051064ROM,2022,Οκτώβριος,4443
PEAK OUT COLD WATER 60GR 48PCS,051064ROM,2022,Νοέμβριος,3781
PEAK OUT COLD WATER 60GR 48PCS,051064ROM,2022,Δεκέμβριος,710
TOPINE PLUS 1L,052001,2022,Ιανουάριος,344
TOPINE PLUS 1L,052001,2022,Φεβρουάριος,559
TOPINE PLUS 1L,052001,2022,Μάρτιος,642
TOPINE PLUS 1L,052001,2022,Απρίλιος,749
TOPINE PLUS 1L,052001,2022,Μάιος,793
TOPINE PLUS 1L,052001,2022,Ιούνιος,858
TOPINE PLUS 1L,052001,2022,Ιούλιος,1144
TOPINE PLUS 1L,052001,2022,Αύγουστος,497
TOPINE PLUS 1L,052001,2022,Σεπτέμβριος,1256
TOPINE PLUS 1L,052001,2022,Οκτώβριος,1409
TOPINE PLUS 1L,052001,2022,Νοέμβριος,996
TOPINE PLUS 1L,052001,2022,Δεκέμβριος,1015
ΕΥΡΗΚΑ ANTIKALK SACHET 54GR,054010,2022,Ιανουάριος,107
ΕΥΡΗΚΑ ANTIKALK SACHET 54GR,054010,2022,Φεβρουάριος,171
ΕΥΡΗΚΑ ANTIKALK SACHET 54GR,054010,2022,Μάρτιος,218
ΕΥΡΗΚΑ ANTIKALK SACHET 54GR,054010,2022,Απρίλιος,272
ΕΥΡΗΚΑ ANTIKALK SACHET 54GR,054010,2022,Μάιος,291
ΕΥΡΗΚΑ ANTIKALK SACHET 54GR,054010,2022,Ιούνιος,281
ΕΥΡΗΚΑ ANTIKALK SACHET 54GR,054010,2022,Ιούλιος,263
ΕΥΡΗΚΑ ANTIKALK SACHET 54GR,054010,2022,Αύγουστος,196
ΕΥΡΗΚΑ ANTIKALK SACHET 54GR,054010,2022,Σεπτέμβριος,235
ΕΥΡΗΚΑ ANTIKALK SACHET 54GR,054010,2022,Οκτώβριος,208
ΕΥΡΗΚΑ ANTIKALK SACHET 54GR,054010,2022,Νοέμβριος,230
ΕΥΡΗΚΑ ANTIKALK SACHET 54GR,054010,2022,Δεκέμβριος,209
"AROXOL ΕΝΤ/ΝΟ 300ML ΠΡ -0,45€",080002,2022,Ιανουάριος,48
"AROXOL ΕΝΤ/ΝΟ 300ML ΠΡ -0,45€",080002,2022,Φεβρουάριος,40
"AROXOL ΕΝΤ/ΝΟ 300ML ΠΡ -0,45€",080002,2022,Μάρτιος,470
"AROXOL ΕΝΤ/ΝΟ 300ML ΠΡ -0,45€",080002,2022,Απρίλιος,2330
"AROXOL ΕΝΤ/ΝΟ 300ML ΠΡ -0,45€",080002,2022,Μάιος,1496
"AROXOL ΕΝΤ/ΝΟ 300ML ΠΡ -0,45€",080002,2022,Ιούνιος,1674
"AROXOL ΕΝΤ/ΝΟ 300ML ΠΡ -0,45€",080002,2022,Ιούλιος,2194
"AROXOL ΕΝΤ/ΝΟ 300ML ΠΡ -0,45€",080002,2022,Αύγουστος,417
"AROXOL ΕΝΤ/ΝΟ 300ML ΠΡ -0,45€",080002,2022,Σεπτέμβριος,379
"AROXOL ΕΝΤ/ΝΟ 300ML ΠΡ -0,45€",080002,2022,Οκτώβριος,191
"AROXOL ΕΝΤ/ΝΟ 300ML ΠΡ -0,45€",080002,2022,Νοέμβριος,212
"AROXOL ΕΝΤ/ΝΟ 300ML ΠΡ -0,45€",080002,2022,Δεκέμβριος,173
"AROXOL ΕΝΤ/ΝΟ 300ML 12x2 -2,5€",080004,2022,Ιανουάριος,28
"AROXOL ΕΝΤ/ΝΟ 300ML 12x2 -2,5€",080004,2022,Φεβρουάριος,38
"AROXOL ΕΝΤ/ΝΟ 300ML 12x2 -2,5€",080004,2022,Μάρτιος,535
"AROXOL ΕΝΤ/ΝΟ 300ML 12x2 -2,5€",080004,2022,Απρίλιος,602
"AROXOL ΕΝΤ/ΝΟ 300ML 12x2 -2,5€",080004,2022,Μάιος,2958
"AROXOL ΕΝΤ/ΝΟ 300ML 12x2 -2,5€",080004,2022,Ιούνιος,3118
"AROXOL ΕΝΤ/ΝΟ 300ML 12x2 -2,5€",080004,2022,Ιούλιος,1100
"AROXOL ΕΝΤ/ΝΟ 300ML 12x2 -2,5€",080004,2022,Αύγουστος,631
"AROXOL ΕΝΤ/ΝΟ 300ML 12x2 -2,5€",080004,2022,Σεπτέμβριος,255
"AROXOL ΕΝΤ/ΝΟ 300ML 12x2 -2,5€",080004,2022,Οκτώβριος,124
"AROXOL ΕΝΤ/ΝΟ 300ML 12x2 -2,5€",080004,2022,Νοέμβριος,20
"AROXOL ΕΝΤ/ΝΟ 300ML 12x2 -2,5€",080004,2022,Δεκέμβριος,0
AROXOL ΕΝΤ/ΝΟ 400ML ROM 12PCS,080201ROM,2022,Ιανουάριος,0
AROXOL ΕΝΤ/ΝΟ 400ML ROM 12PCS,080201ROM,2022,Φεβρουάριος,0
AROXOL ΕΝΤ/ΝΟ 400ML ROM 12PCS,080201ROM,2022,Μάρτιος,4566
AROXOL ΕΝΤ/ΝΟ 400ML ROM 12PCS,080201ROM,2022,Απρίλιος,0
AROXOL ΕΝΤ/ΝΟ 400ML ROM 12PCS,080201ROM,2022,Μάιος,1470
AROXOL ΕΝΤ/ΝΟ 400ML ROM 12PCS,080201ROM,2022,Ιούνιος,1549
AROXOL ΕΝΤ/ΝΟ 400ML ROM 12PCS,080201ROM,2022,Ιούλιος,0
AROXOL ΕΝΤ/ΝΟ 400ML ROM 12PCS,080201ROM,2022,Αύγουστος,0
AROXOL ΕΝΤ/ΝΟ 400ML ROM 12PCS,080201ROM,2022,Σεπτέμβριος,1617
AROXOL ΕΝΤ/ΝΟ 400ML ROM 12PCS,080201ROM,2022,Οκτώβριος,33
AROXOL ΕΝΤ/ΝΟ 400ML ROM 12PCS,080201ROM,2022,Νοέμβριος,0
AROXOL ΕΝΤ/ΝΟ 400ML ROM 12PCS,080201ROM,2022,Δεκέμβριος,0
"AROXOL ΕΝΤ/ΝΟ 400 ML ΠΡ -0,50€",080202,2022,Ιανουάριος,0
"AROXOL ΕΝΤ/ΝΟ 400 ML ΠΡ -0,50€",080202,2022,Φεβρουάριος,560
"AROXOL ΕΝΤ/ΝΟ 400 ML ΠΡ -0,50€",080202,2022,Μάρτιος,771
"AROXOL ΕΝΤ/ΝΟ 400 ML ΠΡ -0,50€",080202,2022,Απρίλιος,28
"AROXOL ΕΝΤ/ΝΟ 400 ML ΠΡ -0,50€",080202,2022,Μάιος,1617
"AROXOL ΕΝΤ/ΝΟ 400 ML ΠΡ -0,50€",080202,2022,Ιούνιος,431
"AROXOL ΕΝΤ/ΝΟ 400 ML ΠΡ -0,50€",080202,2022,Ιούλιος,675
"AROXOL ΕΝΤ/ΝΟ 400 ML ΠΡ -0,50€",080202,2022,Αύγουστος,10
"AROXOL ΕΝΤ/ΝΟ 400 ML ΠΡ -0,50€",080202,2022,Σεπτέμβριος,2
"AROXOL ΕΝΤ/ΝΟ 400 ML ΠΡ -0,50€",080202,2022,Οκτώβριος,0
"AROXOL ΕΝΤ/ΝΟ 400 ML ΠΡ -0,50€",080202,2022,Νοέμβριος,140
"AROXOL ΕΝΤ/ΝΟ 400 ML ΠΡ -0,50€",080202,2022,Δεκέμβριος,0
AROXOL ΚΑΤΣ/ΝΟ 300ML 12x2 -4€,081014,2022,Ιανουάριος,24
AROXOL ΚΑΤΣ/ΝΟ 300ML 12x2 -4€,081014,2022,Φεβρουάριος,23
AROXOL ΚΑΤΣ/ΝΟ 300ML 12x2 -4€,081014,2022,Μάρτιος,23
AROXOL ΚΑΤΣ/ΝΟ 300ML 12x2 -4€,081014,2022,Απρίλιος,579
AROXOL ΚΑΤΣ/ΝΟ 300ML 12x2 -4€,081014,2022,Μάιος,924
AROXOL ΚΑΤΣ/ΝΟ 300ML 12x2 -4€,081014,2022,Ιούνιος,1089
AROXOL ΚΑΤΣ/ΝΟ 300ML 12x2 -4€,081014,2022,Ιούλιος,243
AROXOL ΚΑΤΣ/ΝΟ 300ML 12x2 -4€,081014,2022,Αύγουστος,133
AROXOL ΚΑΤΣ/ΝΟ 300ML 12x2 -4€,081014,2022,Σεπτέμβριος,71
AROXOL ΚΑΤΣ/ΝΟ 300ML 12x2 -4€,081014,2022,Οκτώβριος,33
AROXOL ΚΑΤΣ/ΝΟ 300ML 12x2 -4€,081014,2022,Νοέμβριος,13
AROXOL ΚΑΤΣ/ΝΟ 300ML 12x2 -4€,081014,2022,Δεκέμβριος,0
"AROXOL ΚΑΤΣ/ΝΟ 300ML -1,5€",081015,2022,Ιανουάριος,33
"AROXOL ΚΑΤΣ/ΝΟ 300ML -1,5€",081015,2022,Φεβρουάριος,28
"AROXOL ΚΑΤΣ/ΝΟ 300ML -1,5€",081015,2022,Μάρτιος,560
"AROXOL ΚΑΤΣ/ΝΟ 300ML -1,5€",081015,2022,Απρίλιος,2953
"AROXOL ΚΑΤΣ/ΝΟ 300ML -1,5€",081015,2022,Μάιος,943
"AROXOL ΚΑΤΣ/ΝΟ 300ML -1,5€",081015,2022,Ιούνιος,789
"AROXOL ΚΑΤΣ/ΝΟ 300ML -1,5€",081015,2022,Ιούλιος,1107
"AROXOL ΚΑΤΣ/ΝΟ 300ML -1,5€",081015,2022,Αύγουστος,390
"AROXOL ΚΑΤΣ/ΝΟ 300ML -1,5€",081015,2022,Σεπτέμβριος,141
"AROXOL ΚΑΤΣ/ΝΟ 300ML -1,5€",081015,2022,Οκτώβριος,72
"AROXOL ΚΑΤΣ/ΝΟ 300ML -1,5€",081015,2022,Νοέμβριος,104
"AROXOL ΚΑΤΣ/ΝΟ 300ML -1,5€",081015,2022,Δεκέμβριος,32
AROXOL MEC INSTANT 400ML 24ΤΜΧ -1€,081221,2022,Ιανουάριος,62
AROXOL MEC INSTANT 400ML 24ΤΜΧ -1€,081221,2022,Φεβρουάριος,326
AROXOL MEC INSTANT 400ML 24ΤΜΧ -1€,081221,2022,Μάρτιος,1255
AROXOL MEC INSTANT 400ML 24ΤΜΧ -1€,081221,2022,Απρίλιος,1115
AROXOL MEC INSTANT 400ML 24ΤΜΧ -1€,081221,2022,Μάιος,3119
AROXOL MEC INSTANT 400ML 24ΤΜΧ -1€,081221,2022,Ιούνιος,2101
AROXOL MEC INSTANT 400ML 24ΤΜΧ -1€,081221,2022,Ιούλιος,3353
AROXOL MEC INSTANT 400ML 24ΤΜΧ -1€,081221,2022,Αύγουστος,863
AROXOL MEC INSTANT 400ML 24ΤΜΧ -1€,081221,2022,Σεπτέμβριος,943
AROXOL MEC INSTANT 400ML 24ΤΜΧ -1€,081221,2022,Οκτώβριος,128
AROXOL MEC INSTANT 400ML 24ΤΜΧ -1€,081221,2022,Νοέμβριος,156
AROXOL MEC INSTANT 400ML 24ΤΜΧ -1€,081221,2022,Δεκέμβριος,45
AROXOL ANTIMOTH SPR LAV 250ML 12PCS,082011ROM,2022,Ιανουάριος,0
AROXOL ANTIMOTH SPR LAV 250ML 12PCS,082011ROM,2022,Φεβρουάριος,956
AROXOL ANTIMOTH SPR LAV 250ML 12PCS,082011ROM,2022,Μάρτιος,4872
AROXOL ANTIMOTH SPR LAV 250ML 12PCS,082011ROM,2022,Απρίλιος,783
AROXOL ANTIMOTH SPR LAV 250ML 12PCS,082011ROM,2022,Μάιος,3333
AROXOL ANTIMOTH SPR LAV 250ML 12PCS,082011ROM,2022,Ιούνιος,0
AROXOL ANTIMOTH SPR LAV 250ML 12PCS,082011ROM,2022,Ιούλιος,1512
AROXOL ANTIMOTH SPR LAV 250ML 12PCS,082011ROM,2022,Αύγουστος,137
AROXOL ANTIMOTH SPR LAV 250ML 12PCS,082011ROM,2022,Σεπτέμβριος,1511
AROXOL ANTIMOTH SPR LAV 250ML 12PCS,082011ROM,2022,Οκτώβριος,420
AROXOL ANTIMOTH SPR LAV 250ML 12PCS,082011ROM,2022,Νοέμβριος,0
AROXOL ANTIMOTH SPR LAV 250ML 12PCS,082011ROM,2022,Δεκέμβριος,0
AROXOL ΓΙΑ ΑΚΑΡΕΑ & ΣΚΟΡΟΥΣ TRG 300ML,082020,2022,Ιανουάριος,64
AROXOL ΓΙΑ ΑΚΑΡΕΑ & ΣΚΟΡΟΥΣ TRG 300ML,082020,2022,Φεβρουάριος,66
AROXOL ΓΙΑ ΑΚΑΡΕΑ & ΣΚΟΡΟΥΣ TRG 300ML,082020,2022,Μάρτιος,832
AROXOL ΓΙΑ ΑΚΑΡΕΑ & ΣΚΟΡΟΥΣ TRG 300ML,082020,2022,Απρίλιος,500
AROXOL ΓΙΑ ΑΚΑΡΕΑ & ΣΚΟΡΟΥΣ TRG 300ML,082020,2022,Μάιος,737
AROXOL ΓΙΑ ΑΚΑΡΕΑ & ΣΚΟΡΟΥΣ TRG 300ML,082020,2022,Ιούνιος,385
AROXOL ΓΙΑ ΑΚΑΡΕΑ & ΣΚΟΡΟΥΣ TRG 300ML,082020,2022,Ιούλιος,410
AROXOL ΓΙΑ ΑΚΑΡΕΑ & ΣΚΟΡΟΥΣ TRG 300ML,082020,2022,Αύγουστος,165
AROXOL ΓΙΑ ΑΚΑΡΕΑ & ΣΚΟΡΟΥΣ TRG 300ML,082020,2022,Σεπτέμβριος,258
AROXOL ΓΙΑ ΑΚΑΡΕΑ & ΣΚΟΡΟΥΣ TRG 300ML,082020,2022,Οκτώβριος,291
AROXOL ΓΙΑ ΑΚΑΡΕΑ & ΣΚΟΡΟΥΣ TRG 300ML,082020,2022,Νοέμβριος,149
AROXOL ΓΙΑ ΑΚΑΡΕΑ & ΣΚΟΡΟΥΣ TRG 300ML,082020,2022,Δεκέμβριος,80
AROXOL DUAL ACTION 300ML 24ΤΜΧ,083000,2022,Ιανουάριος,36
AROXOL DUAL ACTION 300ML 24ΤΜΧ,083000,2022,Φεβρουάριος,23
AROXOL DUAL ACTION 300ML 24ΤΜΧ,083000,2022,Μάρτιος,463
AROXOL DUAL ACTION 300ML 24ΤΜΧ,083000,2022,Απρίλιος,1011
AROXOL DUAL ACTION 300ML 24ΤΜΧ,083000,2022,Μάιος,1519
AROXOL DUAL ACTION 300ML 24ΤΜΧ,083000,2022,Ιούνιος,1183
AROXOL DUAL ACTION 300ML 24ΤΜΧ,083000,2022,Ιούλιος,1100
AROXOL DUAL ACTION 300ML 24ΤΜΧ,083000,2022,Αύγουστος,544
AROXOL DUAL ACTION 300ML 24ΤΜΧ,083000,2022,Σεπτέμβριος,299
AROXOL DUAL ACTION 300ML 24ΤΜΧ,083000,2022,Οκτώβριος,203
AROXOL DUAL ACTION 300ML 24ΤΜΧ,083000,2022,Νοέμβριος,278
AROXOL DUAL ACTION 300ML 24ΤΜΧ,083000,2022,Δεκέμβριος,86
ΕΛΟΜΑΣ ΜΑΣΣΑΛΙΑΣ ΥΓΡΟ 3L 4ΤΜΧ,EL002080,2022,Ιανουάριος,125
ΕΛΟΜΑΣ ΜΑΣΣΑΛΙΑΣ ΥΓΡΟ 3L 4ΤΜΧ,EL002080,2022,Φεβρουάριος,237
ΕΛΟΜΑΣ ΜΑΣΣΑΛΙΑΣ ΥΓΡΟ 3L 4ΤΜΧ,EL002080,2022,Μάρτιος,240
ΕΛΟΜΑΣ ΜΑΣΣΑΛΙΑΣ ΥΓΡΟ 3L 4ΤΜΧ,EL002080,2022,Απρίλιος,304
ΕΛΟΜΑΣ ΜΑΣΣΑΛΙΑΣ ΥΓΡΟ 3L 4ΤΜΧ,EL002080,2022,Μάιος,341
ΕΛΟΜΑΣ ΜΑΣΣΑΛΙΑΣ ΥΓΡΟ 3L 4ΤΜΧ,EL002080,2022,Ιούνιος,177
ΕΛΟΜΑΣ ΜΑΣΣΑΛΙΑΣ ΥΓΡΟ 3L 4ΤΜΧ,EL002080,2022,Ιούλιος,522
ΕΛΟΜΑΣ ΜΑΣΣΑΛΙΑΣ ΥΓΡΟ 3L 4ΤΜΧ,EL002080,2022,Αύγουστος,321
ΕΛΟΜΑΣ ΜΑΣΣΑΛΙΑΣ ΥΓΡΟ 3L 4ΤΜΧ,EL002080,2022,Σεπτέμβριος,55
ΕΛΟΜΑΣ ΜΑΣΣΑΛΙΑΣ ΥΓΡΟ 3L 4ΤΜΧ,EL002080,2022,Οκτώβριος,324
ΕΛΟΜΑΣ ΜΑΣΣΑΛΙΑΣ ΥΓΡΟ 3L 4ΤΜΧ,EL002080,2022,Νοέμβριος,321
ΕΛΟΜΑΣ ΜΑΣΣΑΛΙΑΣ ΥΓΡΟ 3L 4ΤΜΧ,EL002080,2022,Δεκέμβριος,51
MY HOME METRO ΥΓ ΑΠΟΡ ΜΑΣΣΑΛ 3L,ME002081,2022,Ιανουάριος,240
MY HOME METRO ΥΓ ΑΠΟΡ ΜΑΣΣΑΛ 3L,ME002081,2022,Φεβρουάριος,253
MY HOME METRO ΥΓ ΑΠΟΡ ΜΑΣΣΑΛ 3L,ME002081,2022,Μάρτιος,456
MY HOME METRO ΥΓ ΑΠΟΡ ΜΑΣΣΑΛ 3L,ME002081,2022,Απρίλιος,344
MY HOME METRO ΥΓ ΑΠΟΡ ΜΑΣΣΑΛ 3L,ME002081,2022,Μάιος,696
MY HOME METRO ΥΓ ΑΠΟΡ ΜΑΣΣΑΛ 3L,ME002081,2022,Ιούνιος,496
MY HOME METRO ΥΓ ΑΠΟΡ ΜΑΣΣΑΛ 3L,ME002081,2022,Ιούλιος,409
MY HOME METRO ΥΓ ΑΠΟΡ ΜΑΣΣΑΛ 3L,ME002081,2022,Αύγουστος,384
MY HOME METRO ΥΓ ΑΠΟΡ ΜΑΣΣΑΛ 3L,ME002081,2022,Σεπτέμβριος,573
MY HOME METRO ΥΓ ΑΠΟΡ ΜΑΣΣΑΛ 3L,ME002081,2022,Οκτώβριος,608
MY HOME METRO ΥΓ ΑΠΟΡ ΜΑΣΣΑΛ 3L,ME002081,2022,Νοέμβριος,463
MY HOME METRO ΥΓ ΑΠΟΡ ΜΑΣΣΑΛ 3L,ME002081,2022,Δεκέμβριος,588
TUBOFLO PWD DR HOT 100GR 3x30PCS GR/857106874,S51020,2022,Ιανουάριος,3744
TUBOFLO PWD DR HOT 100GR 3x30PCS GR/857106874,S51020,2022,Φεβρουάριος,6696
TUBOFLO PWD DR HOT 100GR 3x30PCS GR/857106874,S51020,2022,Μάρτιος,7164
TUBOFLO PWD DR HOT 100GR 3x30PCS GR/857106874,S51020,2022,Απρίλιος,4716
TUBOFLO PWD DR HOT 100GR 3x30PCS GR/857106874,S51020,2022,Μάιος,2658
TUBOFLO PWD DR HOT 100GR 3x30PCS GR/857106874,S51020,2022,Ιούνιος,2592
TUBOFLO PWD DR HOT 100GR 3x30PCS GR/857106874,S51020,2022,Ιούλιος,3780
TUBOFLO PWD DR HOT 100GR 3x30PCS GR/857106874,S51020,2022,Αύγουστος,0
TUBOFLO PWD DR HOT 100GR 3x30PCS GR/857106874,S51020,2022,Σεπτέμβριος,2448
TUBOFLO PWD DR HOT 100GR 3x30PCS GR/857106874,S51020,2022,Οκτώβριος,2768
TUBOFLO PWD DR HOT 100GR 3x30PCS GR/857106874,S51020,2022,Νοέμβριος,612
TUBOFLO PWD DR HOT 100GR 3x30PCS GR/857106874,S51020,2022,Δεκέμβριος,0
TUBOFLO PWD DR COLD 60GR 3x30PCS GR/8571016875,S51021,2022,Ιανουάριος,3908
TUBOFLO PWD DR COLD 60GR 3x30PCS GR/8571016875,S51021,2022,Φεβρουάριος,3408
TUBOFLO PWD DR COLD 60GR 3x30PCS GR/8571016875,S51021,2022,Μάρτιος,3024
TUBOFLO PWD DR COLD 60GR 3x30PCS GR/8571016875,S51021,2022,Απρίλιος,4416
TUBOFLO PWD DR COLD 60GR 3x30PCS GR/8571016875,S51021,2022,Μάιος,2208
TUBOFLO PWD DR COLD 60GR 3x30PCS GR/8571016875,S51021,2022,Ιούνιος,1152
TUBOFLO PWD DR COLD 60GR 3x30PCS GR/8571016875,S51021,2022,Ιούλιος,2064
TUBOFLO PWD DR COLD 60GR 3x30PCS GR/8571016875,S51021,2022,Αύγουστος,0
TUBOFLO PWD DR COLD 60GR 3x30PCS GR/8571016875,S51021,2022,Σεπτέμβριος,1680
TUBOFLO PWD DR COLD 60GR 3x30PCS GR/8571016875,S51021,2022,Οκτώβριος,1248
TUBOFLO PWD DR COLD 60GR 3x30PCS GR/8571016875,S51021,2022,Νοέμβριος,1536
TUBOFLO PWD DR COLD 60GR 3x30PCS GR/8571016875,S51021,2022,Δεκέμβριος,0
TUBOFLO PWD DR HOT 6x10PCS 100GR BG/8571019312,S51025,2022,Ιανουάριος,2017
TUBOFLO PWD DR HOT 6x10PCS 100GR BG/8571019312,S51025,2022,Φεβρουάριος,1430
TUBOFLO PWD DR HOT 6x10PCS 100GR BG/8571019312,S51025,2022,Μάρτιος,2029
TUBOFLO PWD DR HOT 6x10PCS 100GR BG/8571019312,S51025,2022,Απρίλιος,3151
TUBOFLO PWD DR HOT 6x10PCS 100GR BG/8571019312,S51025,2022,Μάιος,1659
TUBOFLO PWD DR HOT 6x10PCS 100GR BG/8571019312,S51025,2022,Ιούνιος,2450
TUBOFLO PWD DR HOT 6x10PCS 100GR BG/8571019312,S51025,2022,Ιούλιος,2403
TUBOFLO PWD DR HOT 6x10PCS 100GR BG/8571019312,S51025,2022,Αύγουστος,390
TUBOFLO PWD DR HOT 6x10PCS 100GR BG/8571019312,S51025,2022,Σεπτέμβριος,4230
TUBOFLO PWD DR HOT 6x10PCS 100GR BG/8571019312,S51025,2022,Οκτώβριος,5853
TUBOFLO PWD DR HOT 6x10PCS 100GR BG/8571019312,S51025,2022,Νοέμβριος,3250
TUBOFLO PWD DR HOT 6x10PCS 100GR BG/8571019312,S51025,2022,Δεκέμβριος,2424
TUBOFLO PWD DR COLD 6x10PCS 60GR BG/8571019313,S51026,2022,Ιανουάριος,1616
TUBOFLO PWD DR COLD 6x10PCS 60GR BG/8571019313,S51026,2022,Φεβρουάριος,784
TUBOFLO PWD DR COLD 6x10PCS 60GR BG/8571019313,S51026,2022,Μάρτιος,2636
TUBOFLO PWD DR COLD 6x10PCS 60GR BG/8571019313,S51026,2022,Απρίλιος,937
TUBOFLO PWD DR COLD 6x10PCS 60GR BG/8571019313,S51026,2022,Μάιος,1568
TUBOFLO PWD DR COLD 6x10PCS 60GR BG/8571019313,S51026,2022,Ιούνιος,1523
TUBOFLO PWD DR COLD 6x10PCS 60GR BG/8571019313,S51026,2022,Ιούλιος,3320
TUBOFLO PWD DR COLD 6x10PCS 60GR BG/8571019313,S51026,2022,Αύγουστος,0
TUBOFLO PWD DR COLD 6x10PCS 60GR BG/8571019313,S51026,2022,Σεπτέμβριος,3248
TUBOFLO PWD DR COLD 6x10PCS 60GR BG/8571019313,S51026,2022,Οκτώβριος,2104
TUBOFLO PWD DR COLD 6x10PCS 60GR BG/8571019313,S51026,2022,Νοέμβριος,3889
TUBOFLO PWD DR COLD 6x10PCS 60GR BG/8571019313,S51026,2022,Δεκέμβριος,3904
TUBOFLO PWD DR HOT 6x10PCS 100GR SRB/8571016871,S51030,2022,Ιανουάριος,1758
TUBOFLO PWD DR HOT 6x10PCS 100GR SRB/8571016871,S51030,2022,Φεβρουάριος,2145
TUBOFLO PWD DR HOT 6x10PCS 100GR SRB/8571016871,S51030,2022,Μάρτιος,2370
TUBOFLO PWD DR HOT 6x10PCS 100GR SRB/8571016871,S51030,2022,Απρίλιος,4397
TUBOFLO PWD DR HOT 6x10PCS 100GR SRB/8571016871,S51030,2022,Μάιος,1539
TUBOFLO PWD DR HOT 6x10PCS 100GR SRB/8571016871,S51030,2022,Ιούνιος,1786
TUBOFLO PWD DR HOT 6x10PCS 100GR SRB/8571016871,S51030,2022,Ιούλιος,2557
TUBOFLO PWD DR HOT 6x10PCS 100GR SRB/8571016871,S51030,2022,Αύγουστος,1755
TUBOFLO PWD DR HOT 6x10PCS 100GR SRB/8571016871,S51030,2022,Σεπτέμβριος,4865
TUBOFLO PWD DR HOT 6x10PCS 100GR SRB/8571016871,S51030,2022,Οκτώβριος,5470
TUBOFLO PWD DR HOT 6x10PCS 100GR SRB/8571016871,S51030,2022,Νοέμβριος,3182
TUBOFLO PWD DR HOT 6x10PCS 100GR SRB/8571016871,S51030,2022,Δεκέμβριος,5911
TUBOFLO PWD DR COLD 6x10PCS 60GR SRB/8571016872,S51031,2022,Ιανουάριος,1011
TUBOFLO PWD DR COLD 6x10PCS 60GR SRB/8571016872,S51031,2022,Φεβρουάριος,2007
TUBOFLO PWD DR COLD 6x10PCS 60GR SRB/8571016872,S51031,2022,Μάρτιος,448
TUBOFLO PWD DR COLD 6x10PCS 60GR SRB/8571016872,S51031,2022,Απρίλιος,2456
TUBOFLO PWD DR COLD 6x10PCS 60GR SRB/8571016872,S51031,2022,Μάιος,1108
TUBOFLO PWD DR COLD 6x10PCS 60GR SRB/8571016872,S51031,2022,Ιούνιος,1120
TUBOFLO PWD DR COLD 6x10PCS 60GR SRB/8571016872,S51031,2022,Ιούλιος,3261
TUBOFLO PWD DR COLD 6x10PCS 60GR SRB/8571016872,S51031,2022,Αύγουστος,0
TUBOFLO PWD DR COLD 6x10PCS 60GR SRB/8571016872,S51031,2022,Σεπτέμβριος,2555
TUBOFLO PWD DR COLD 6x10PCS 60GR SRB/8571016872,S51031,2022,Οκτώβριος,1684
TUBOFLO PWD DR COLD 6x10PCS 60GR SRB/8571016872,S51031,2022,Νοέμβριος,5472
TUBOFLO PWD DR COLD 6x10PCS 60GR SRB/8571016872,S51031,2022,Δεκέμβριος,3075
