Περιγραφή,Κωδικός,Έτος,Μήνας,Forecasts
ΕΥΡΗΚΑ CLASSIC 60GR SET 3+1 ΔΩΡΟ,000021,2021,Ιανουάριος,1554.0
ΕΥΡΗΚΑ CLASSIC 60GR SET 3+1 ΔΩΡΟ,000021,2021,Φεβρουάριος,2000.0
ΕΥΡΗΚΑ CLASSIC 60GR SET 3+1 ΔΩΡΟ,000021,2021,Μάρτιος,2200.0
ΕΥΡΗΚΑ CLASSIC 60GR SET 3+1 ΔΩΡΟ,000021,2021,Απρίλιος,1700.0
ΕΥΡΗΚΑ CLASSIC 60GR SET 3+1 ΔΩΡΟ,000021,2021,Μάιος,2454.0
ΕΥΡΗΚΑ CLASSIC 60GR SET 3+1 ΔΩΡΟ,000021,2021,Ιούνιος,1900.0
ΕΥΡΗΚΑ CLASSIC 60GR SET 3+1 ΔΩΡΟ,000021,2021,Ιούλιος,1754.0
ΕΥΡΗΚΑ CLASSIC 60GR SET 3+1 ΔΩΡΟ,000021,2021,Αύγουστος,2154.0
ΕΥΡΗΚΑ CLASSIC 60GR SET 3+1 ΔΩΡΟ,000021,2021,Σεπτέμβριος,3700.0
ΕΥΡΗΚΑ CLASSIC 60GR SET 3+1 ΔΩΡΟ,000021,2021,Οκτώβριος,3654.0
ΕΥΡΗΚΑ CLASSIC 60GR SET 3+1 ΔΩΡΟ,000021,2021,Νοέμβριος,2100.0
ΕΥΡΗΚΑ CLASSIC 60GR SET 3+1 ΔΩΡΟ,000021,2021,Δεκέμβριος,2081.0
ΕΥΡΗΚΑ CL ΚΟΥΤΙ 750g 50% ΠΡΟΙΟΝ ΔΩΡΟ,000051,2021,Ιανουάριος,1010.0
ΕΥΡΗΚΑ CL ΚΟΥΤΙ 750g 50% ΠΡΟΙΟΝ ΔΩΡΟ,000051,2021,Φεβρουάριος,900.0
ΕΥΡΗΚΑ CL ΚΟΥΤΙ 750g 50% ΠΡΟΙΟΝ ΔΩΡΟ,000051,2021,Μάρτιος,1000.0
ΕΥΡΗΚΑ CL ΚΟΥΤΙ 750g 50% ΠΡΟΙΟΝ ΔΩΡΟ,000051,2021,Απρίλιος,1050.0
ΕΥΡΗΚΑ CL ΚΟΥΤΙ 750g 50% ΠΡΟΙΟΝ ΔΩΡΟ,000051,2021,Μάιος,1020.0
ΕΥΡΗΚΑ CL ΚΟΥΤΙ 750g 50% ΠΡΟΙΟΝ ΔΩΡΟ,000051,2021,Ιούνιος,1020.0
ΕΥΡΗΚΑ CL ΚΟΥΤΙ 750g 50% ΠΡΟΙΟΝ ΔΩΡΟ,000051,2021,Ιούλιος,1180.0
ΕΥΡΗΚΑ CL ΚΟΥΤΙ 750g 50% ΠΡΟΙΟΝ ΔΩΡΟ,000051,2021,Αύγουστος,990.0
ΕΥΡΗΚΑ CL ΚΟΥΤΙ 750g 50% ΠΡΟΙΟΝ ΔΩΡΟ,000051,2021,Σεπτέμβριος,1350.0
ΕΥΡΗΚΑ CL ΚΟΥΤΙ 750g 50% ΠΡΟΙΟΝ ΔΩΡΟ,000051,2021,Οκτώβριος,1360.0
ΕΥΡΗΚΑ CL ΚΟΥΤΙ 750g 50% ΠΡΟΙΟΝ ΔΩΡΟ,000051,2021,Νοέμβριος,960.0
ΕΥΡΗΚΑ CL ΚΟΥΤΙ 750g 50% ΠΡΟΙΟΝ ΔΩΡΟ,000051,2021,Δεκέμβριος,1120.0
ΕΥΡΗΚΑ CL ΑΝΘΗ ΠΟΡΤ 60G SET 3+1 ΔΩΡΟ,000061,2021,Ιανουάριος,310.0
ΕΥΡΗΚΑ CL ΑΝΘΗ ΠΟΡΤ 60G SET 3+1 ΔΩΡΟ,000061,2021,Φεβρουάριος,310.0
ΕΥΡΗΚΑ CL ΑΝΘΗ ΠΟΡΤ 60G SET 3+1 ΔΩΡΟ,000061,2021,Μάρτιος,400.0
ΕΥΡΗΚΑ CL ΑΝΘΗ ΠΟΡΤ 60G SET 3+1 ΔΩΡΟ,000061,2021,Απρίλιος,300.0
ΕΥΡΗΚΑ CL ΑΝΘΗ ΠΟΡΤ 60G SET 3+1 ΔΩΡΟ,000061,2021,Μάιος,320.0
ΕΥΡΗΚΑ CL ΑΝΘΗ ΠΟΡΤ 60G SET 3+1 ΔΩΡΟ,000061,2021,Ιούνιος,320.0
ΕΥΡΗΚΑ CL ΑΝΘΗ ΠΟΡΤ 60G SET 3+1 ΔΩΡΟ,000061,2021,Ιούλιος,320.0
ΕΥΡΗΚΑ CL ΑΝΘΗ ΠΟΡΤ 60G SET 3+1 ΔΩΡΟ,000061,2021,Αύγουστος,400.0
ΕΥΡΗΚΑ CL ΑΝΘΗ ΠΟΡΤ 60G SET 3+1 ΔΩΡΟ,000061,2021,Σεπτέμβριος,450.0
ΕΥΡΗΚΑ CL ΑΝΘΗ ΠΟΡΤ 60G SET 3+1 ΔΩΡΟ,000061,2021,Οκτώβριος,360.0
ΕΥΡΗΚΑ CL ΑΝΘΗ ΠΟΡΤ 60G SET 3+1 ΔΩΡΟ,000061,2021,Νοέμβριος,280.0
ΕΥΡΗΚΑ CL ΑΝΘΗ ΠΟΡΤ 60G SET 3+1 ΔΩΡΟ,000061,2021,Δεκέμβριος,280.0
"ΕΥΡΗΚΑ ΥΠΕΡ/ΚΟ ΚΟΥΤΙ 1KG ΠΡΟΣ -2,0€",000403,2021,Ιανουάριος,380.0
"ΕΥΡΗΚΑ ΥΠΕΡ/ΚΟ ΚΟΥΤΙ 1KG ΠΡΟΣ -2,0€",000403,2021,Φεβρουάριος,530.0
"ΕΥΡΗΚΑ ΥΠΕΡ/ΚΟ ΚΟΥΤΙ 1KG ΠΡΟΣ -2,0€",000403,2021,Μάρτιος,320.0
"ΕΥΡΗΚΑ ΥΠΕΡ/ΚΟ ΚΟΥΤΙ 1KG ΠΡΟΣ -2,0€",000403,2021,Απρίλιος,510.0
"ΕΥΡΗΚΑ ΥΠΕΡ/ΚΟ ΚΟΥΤΙ 1KG ΠΡΟΣ -2,0€",000403,2021,Μάιος,690.0
"ΕΥΡΗΚΑ ΥΠΕΡ/ΚΟ ΚΟΥΤΙ 1KG ΠΡΟΣ -2,0€",000403,2021,Ιούνιος,310.0
"ΕΥΡΗΚΑ ΥΠΕΡ/ΚΟ ΚΟΥΤΙ 1KG ΠΡΟΣ -2,0€",000403,2021,Ιούλιος,420.0
"ΕΥΡΗΚΑ ΥΠΕΡ/ΚΟ ΚΟΥΤΙ 1KG ΠΡΟΣ -2,0€",000403,2021,Αύγουστος,240.0
"ΕΥΡΗΚΑ ΥΠΕΡ/ΚΟ ΚΟΥΤΙ 1KG ΠΡΟΣ -2,0€",000403,2021,Σεπτέμβριος,350.0
"ΕΥΡΗΚΑ ΥΠΕΡ/ΚΟ ΚΟΥΤΙ 1KG ΠΡΟΣ -2,0€",000403,2021,Οκτώβριος,350.0
"ΕΥΡΗΚΑ ΥΠΕΡ/ΚΟ ΚΟΥΤΙ 1KG ΠΡΟΣ -2,0€",000403,2021,Νοέμβριος,560.0
"ΕΥΡΗΚΑ ΥΠΕΡ/ΚΟ ΚΟΥΤΙ 1KG ΠΡΟΣ -2,0€",000403,2021,Δεκέμβριος,660.0
SNOW WHT POWDER 120GR 24PCS,000842ROM,2021,Ιανουάριος,800.0
SNOW WHT POWDER 120GR 24PCS,000842ROM,2021,Φεβρουάριος,800.0
SNOW WHT POWDER 120GR 24PCS,000842ROM,2021,Μάρτιος,1000.0
SNOW WHT POWDER 120GR 24PCS,000842ROM,2021,Απρίλιος,1000.0
SNOW WHT POWDER 120GR 24PCS,000842ROM,2021,Μάιος,1000.0
SNOW WHT POWDER 120GR 24PCS,000842ROM,2021,Ιούνιος,500.0
SNOW WHT POWDER 120GR 24PCS,000842ROM,2021,Ιούλιος,500.0
SNOW WHT POWDER 120GR 24PCS,000842ROM,2021,Αύγουστος,0.0
SNOW WHT POWDER 120GR 24PCS,000842ROM,2021,Σεπτέμβριος,1000.0
SNOW WHT POWDER 120GR 24PCS,000842ROM,2021,Οκτώβριος,1000.0
SNOW WHT POWDER 120GR 24PCS,000842ROM,2021,Νοέμβριος,500.0
SNOW WHT POWDER 120GR 24PCS,000842ROM,2021,Δεκέμβριος,500.0
ΕΥΡΗΚΑ SENSO 2 LT ΠΡΟΣΦΟΡΑΣ,001032,2021,Ιανουάριος,650.0
ΕΥΡΗΚΑ SENSO 2 LT ΠΡΟΣΦΟΡΑΣ,001032,2021,Φεβρουάριος,620.0
ΕΥΡΗΚΑ SENSO 2 LT ΠΡΟΣΦΟΡΑΣ,001032,2021,Μάρτιος,880.0
ΕΥΡΗΚΑ SENSO 2 LT ΠΡΟΣΦΟΡΑΣ,001032,2021,Απρίλιος,900.0
ΕΥΡΗΚΑ SENSO 2 LT ΠΡΟΣΦΟΡΑΣ,001032,2021,Μάιος,600.0
ΕΥΡΗΚΑ SENSO 2 LT ΠΡΟΣΦΟΡΑΣ,001032,2021,Ιούνιος,600.0
ΕΥΡΗΚΑ SENSO 2 LT ΠΡΟΣΦΟΡΑΣ,001032,2021,Ιούλιος,730.0
ΕΥΡΗΚΑ SENSO 2 LT ΠΡΟΣΦΟΡΑΣ,001032,2021,Αύγουστος,720.0
ΕΥΡΗΚΑ SENSO 2 LT ΠΡΟΣΦΟΡΑΣ,001032,2021,Σεπτέμβριος,950.0
ΕΥΡΗΚΑ SENSO 2 LT ΠΡΟΣΦΟΡΑΣ,001032,2021,Οκτώβριος,950.0
ΕΥΡΗΚΑ SENSO 2 LT ΠΡΟΣΦΟΡΑΣ,001032,2021,Νοέμβριος,800.0
ΕΥΡΗΚΑ SENSO 2 LT ΠΡΟΣΦΟΡΑΣ,001032,2021,Δεκέμβριος,700.0
ΕΥΡΗΚΑ BRIGHT PRE WASH SPR 450ML,001260,2021,Ιανουάριος,283.0
ΕΥΡΗΚΑ BRIGHT PRE WASH SPR 450ML,001260,2021,Φεβρουάριος,283.0
ΕΥΡΗΚΑ BRIGHT PRE WASH SPR 450ML,001260,2021,Μάρτιος,353.0
ΕΥΡΗΚΑ BRIGHT PRE WASH SPR 450ML,001260,2021,Απρίλιος,263.0
ΕΥΡΗΚΑ BRIGHT PRE WASH SPR 450ML,001260,2021,Μάιος,326.0
ΕΥΡΗΚΑ BRIGHT PRE WASH SPR 450ML,001260,2021,Ιούνιος,396.0
ΕΥΡΗΚΑ BRIGHT PRE WASH SPR 450ML,001260,2021,Ιούλιος,386.0
ΕΥΡΗΚΑ BRIGHT PRE WASH SPR 450ML,001260,2021,Αύγουστος,336.0
ΕΥΡΗΚΑ BRIGHT PRE WASH SPR 450ML,001260,2021,Σεπτέμβριος,416.0
ΕΥΡΗΚΑ BRIGHT PRE WASH SPR 450ML,001260,2021,Οκτώβριος,452.0
ΕΥΡΗΚΑ BRIGHT PRE WASH SPR 450ML,001260,2021,Νοέμβριος,515.0
ΕΥΡΗΚΑ BRIGHT PRE WASH SPR 450ML,001260,2021,Δεκέμβριος,344.0
"ΕΥΡ BLACK CARE 750ML ΠΡΟΣΦ -1,0€",002214,2021,Ιανουάριος,370.0
"ΕΥΡ BLACK CARE 750ML ΠΡΟΣΦ -1,0€",002214,2021,Φεβρουάριος,350.0
"ΕΥΡ BLACK CARE 750ML ΠΡΟΣΦ -1,0€",002214,2021,Μάρτιος,400.0
"ΕΥΡ BLACK CARE 750ML ΠΡΟΣΦ -1,0€",002214,2021,Απρίλιος,350.0
"ΕΥΡ BLACK CARE 750ML ΠΡΟΣΦ -1,0€",002214,2021,Μάιος,500.0
"ΕΥΡ BLACK CARE 750ML ΠΡΟΣΦ -1,0€",002214,2021,Ιούνιος,350.0
"ΕΥΡ BLACK CARE 750ML ΠΡΟΣΦ -1,0€",002214,2021,Ιούλιος,350.0
"ΕΥΡ BLACK CARE 750ML ΠΡΟΣΦ -1,0€",002214,2021,Αύγουστος,350.0
"ΕΥΡ BLACK CARE 750ML ΠΡΟΣΦ -1,0€",002214,2021,Σεπτέμβριος,350.0
"ΕΥΡ BLACK CARE 750ML ΠΡΟΣΦ -1,0€",002214,2021,Οκτώβριος,330.0
"ΕΥΡ BLACK CARE 750ML ΠΡΟΣΦ -1,0€",002214,2021,Νοέμβριος,350.0
"ΕΥΡ BLACK CARE 750ML ΠΡΟΣΦ -1,0€",002214,2021,Δεκέμβριος,350.0
"ΕΥΡΗΚΑ EXPRESS 900ML -0,5€",004106,2021,Ιανουάριος,300.0
"ΕΥΡΗΚΑ EXPRESS 900ML -0,5€",004106,2021,Φεβρουάριος,350.0
"ΕΥΡΗΚΑ EXPRESS 900ML -0,5€",004106,2021,Μάρτιος,380.0
"ΕΥΡΗΚΑ EXPRESS 900ML -0,5€",004106,2021,Απρίλιος,400.0
"ΕΥΡΗΚΑ EXPRESS 900ML -0,5€",004106,2021,Μάιος,650.0
"ΕΥΡΗΚΑ EXPRESS 900ML -0,5€",004106,2021,Ιούνιος,700.0
"ΕΥΡΗΚΑ EXPRESS 900ML -0,5€",004106,2021,Ιούλιος,800.0
"ΕΥΡΗΚΑ EXPRESS 900ML -0,5€",004106,2021,Αύγουστος,800.0
"ΕΥΡΗΚΑ EXPRESS 900ML -0,5€",004106,2021,Σεπτέμβριος,800.0
"ΕΥΡΗΚΑ EXPRESS 900ML -0,5€",004106,2021,Οκτώβριος,650.0
"ΕΥΡΗΚΑ EXPRESS 900ML -0,5€",004106,2021,Νοέμβριος,240.0
"ΕΥΡΗΚΑ EXPRESS 900ML -0,5€",004106,2021,Δεκέμβριος,230.0
ΕΥΡΗΚΑ ΜΑΣΣΑΛΙΑΣ 900ML/18M -1€,00426,2021,Ιανουάριος,400.0
ΕΥΡΗΚΑ ΜΑΣΣΑΛΙΑΣ 900ML/18M -1€,00426,2021,Φεβρουάριος,450.0
ΕΥΡΗΚΑ ΜΑΣΣΑΛΙΑΣ 900ML/18M -1€,00426,2021,Μάρτιος,500.0
ΕΥΡΗΚΑ ΜΑΣΣΑΛΙΑΣ 900ML/18M -1€,00426,2021,Απρίλιος,500.0
ΕΥΡΗΚΑ ΜΑΣΣΑΛΙΑΣ 900ML/18M -1€,00426,2021,Μάιος,400.0
ΕΥΡΗΚΑ ΜΑΣΣΑΛΙΑΣ 900ML/18M -1€,00426,2021,Ιούνιος,500.0
ΕΥΡΗΚΑ ΜΑΣΣΑΛΙΑΣ 900ML/18M -1€,00426,2021,Ιούλιος,530.0
ΕΥΡΗΚΑ ΜΑΣΣΑΛΙΑΣ 900ML/18M -1€,00426,2021,Αύγουστος,570.0
ΕΥΡΗΚΑ ΜΑΣΣΑΛΙΑΣ 900ML/18M -1€,00426,2021,Σεπτέμβριος,550.0
ΕΥΡΗΚΑ ΜΑΣΣΑΛΙΑΣ 900ML/18M -1€,00426,2021,Οκτώβριος,500.0
ΕΥΡΗΚΑ ΜΑΣΣΑΛΙΑΣ 900ML/18M -1€,00426,2021,Νοέμβριος,500.0
ΕΥΡΗΚΑ ΜΑΣΣΑΛΙΑΣ 900ML/18M -1€,00426,2021,Δεκέμβριος,500.0
"ΕΥΡΗΚΑ ΜΑΣΣΑΛΙΑΣ 1,8L/36M -2€",00526,2021,Ιανουάριος,1800.0
"ΕΥΡΗΚΑ ΜΑΣΣΑΛΙΑΣ 1,8L/36M -2€",00526,2021,Φεβρουάριος,2300.0
"ΕΥΡΗΚΑ ΜΑΣΣΑΛΙΑΣ 1,8L/36M -2€",00526,2021,Μάρτιος,2000.0
"ΕΥΡΗΚΑ ΜΑΣΣΑΛΙΑΣ 1,8L/36M -2€",00526,2021,Απρίλιος,1800.0
"ΕΥΡΗΚΑ ΜΑΣΣΑΛΙΑΣ 1,8L/36M -2€",00526,2021,Μάιος,1900.0
"ΕΥΡΗΚΑ ΜΑΣΣΑΛΙΑΣ 1,8L/36M -2€",00526,2021,Ιούνιος,2000.0
"ΕΥΡΗΚΑ ΜΑΣΣΑΛΙΑΣ 1,8L/36M -2€",00526,2021,Ιούλιος,2200.0
"ΕΥΡΗΚΑ ΜΑΣΣΑΛΙΑΣ 1,8L/36M -2€",00526,2021,Αύγουστος,2000.0
"ΕΥΡΗΚΑ ΜΑΣΣΑΛΙΑΣ 1,8L/36M -2€",00526,2021,Σεπτέμβριος,2100.0
"ΕΥΡΗΚΑ ΜΑΣΣΑΛΙΑΣ 1,8L/36M -2€",00526,2021,Οκτώβριος,1800.0
"ΕΥΡΗΚΑ ΜΑΣΣΑΛΙΑΣ 1,8L/36M -2€",00526,2021,Νοέμβριος,2000.0
"ΕΥΡΗΚΑ ΜΑΣΣΑΛΙΑΣ 1,8L/36M -2€",00526,2021,Δεκέμβριος,1800.0
"ΕΥΡΗΚΑ ΜΑΣΣΑΛΙΑΣ ΛΕΒΑΝΤΑ 1,8L/36M -2€",00536,2021,Ιανουάριος,600.0
"ΕΥΡΗΚΑ ΜΑΣΣΑΛΙΑΣ ΛΕΒΑΝΤΑ 1,8L/36M -2€",00536,2021,Φεβρουάριος,600.0
"ΕΥΡΗΚΑ ΜΑΣΣΑΛΙΑΣ ΛΕΒΑΝΤΑ 1,8L/36M -2€",00536,2021,Μάρτιος,700.0
"ΕΥΡΗΚΑ ΜΑΣΣΑΛΙΑΣ ΛΕΒΑΝΤΑ 1,8L/36M -2€",00536,2021,Απρίλιος,700.0
"ΕΥΡΗΚΑ ΜΑΣΣΑΛΙΑΣ ΛΕΒΑΝΤΑ 1,8L/36M -2€",00536,2021,Μάιος,700.0
"ΕΥΡΗΚΑ ΜΑΣΣΑΛΙΑΣ ΛΕΒΑΝΤΑ 1,8L/36M -2€",00536,2021,Ιούνιος,700.0
"ΕΥΡΗΚΑ ΜΑΣΣΑΛΙΑΣ ΛΕΒΑΝΤΑ 1,8L/36M -2€",00536,2021,Ιούλιος,700.0
"ΕΥΡΗΚΑ ΜΑΣΣΑΛΙΑΣ ΛΕΒΑΝΤΑ 1,8L/36M -2€",00536,2021,Αύγουστος,600.0
"ΕΥΡΗΚΑ ΜΑΣΣΑΛΙΑΣ ΛΕΒΑΝΤΑ 1,8L/36M -2€",00536,2021,Σεπτέμβριος,700.0
"ΕΥΡΗΚΑ ΜΑΣΣΑΛΙΑΣ ΛΕΒΑΝΤΑ 1,8L/36M -2€",00536,2021,Οκτώβριος,700.0
"ΕΥΡΗΚΑ ΜΑΣΣΑΛΙΑΣ ΛΕΒΑΝΤΑ 1,8L/36M -2€",00536,2021,Νοέμβριος,650.0
"ΕΥΡΗΚΑ ΜΑΣΣΑΛΙΑΣ ΛΕΒΑΝΤΑ 1,8L/36M -2€",00536,2021,Δεκέμβριος,650.0
"ΕΥΡΗΚΑ ΜΑΣΣΑΛΙΑΣ 2,7L/54M -4€",00546,2021,Ιανουάριος,300.0
"ΕΥΡΗΚΑ ΜΑΣΣΑΛΙΑΣ 2,7L/54M -4€",00546,2021,Φεβρουάριος,350.0
"ΕΥΡΗΚΑ ΜΑΣΣΑΛΙΑΣ 2,7L/54M -4€",00546,2021,Μάρτιος,320.0
"ΕΥΡΗΚΑ ΜΑΣΣΑΛΙΑΣ 2,7L/54M -4€",00546,2021,Απρίλιος,450.0
"ΕΥΡΗΚΑ ΜΑΣΣΑΛΙΑΣ 2,7L/54M -4€",00546,2021,Μάιος,300.0
"ΕΥΡΗΚΑ ΜΑΣΣΑΛΙΑΣ 2,7L/54M -4€",00546,2021,Ιούνιος,530.0
"ΕΥΡΗΚΑ ΜΑΣΣΑΛΙΑΣ 2,7L/54M -4€",00546,2021,Ιούλιος,200.0
"ΕΥΡΗΚΑ ΜΑΣΣΑΛΙΑΣ 2,7L/54M -4€",00546,2021,Αύγουστος,450.0
"ΕΥΡΗΚΑ ΜΑΣΣΑΛΙΑΣ 2,7L/54M -4€",00546,2021,Σεπτέμβριος,450.0
"ΕΥΡΗΚΑ ΜΑΣΣΑΛΙΑΣ 2,7L/54M -4€",00546,2021,Οκτώβριος,420.0
"ΕΥΡΗΚΑ ΜΑΣΣΑΛΙΑΣ 2,7L/54M -4€",00546,2021,Νοέμβριος,400.0
"ΕΥΡΗΚΑ ΜΑΣΣΑΛΙΑΣ 2,7L/54M -4€",00546,2021,Δεκέμβριος,380.0
ΕΥΡΗΚΑ SENSO 1 LT ΠΡΟΣΦ.,0096,2021,Ιανουάριος,680.0
ΕΥΡΗΚΑ SENSO 1 LT ΠΡΟΣΦ.,0096,2021,Φεβρουάριος,630.0
ΕΥΡΗΚΑ SENSO 1 LT ΠΡΟΣΦ.,0096,2021,Μάρτιος,900.0
ΕΥΡΗΚΑ SENSO 1 LT ΠΡΟΣΦ.,0096,2021,Απρίλιος,700.0
ΕΥΡΗΚΑ SENSO 1 LT ΠΡΟΣΦ.,0096,2021,Μάιος,740.0
ΕΥΡΗΚΑ SENSO 1 LT ΠΡΟΣΦ.,0096,2021,Ιούνιος,650.0
ΕΥΡΗΚΑ SENSO 1 LT ΠΡΟΣΦ.,0096,2021,Ιούλιος,1000.0
ΕΥΡΗΚΑ SENSO 1 LT ΠΡΟΣΦ.,0096,2021,Αύγουστος,760.0
ΕΥΡΗΚΑ SENSO 1 LT ΠΡΟΣΦ.,0096,2021,Σεπτέμβριος,950.0
ΕΥΡΗΚΑ SENSO 1 LT ΠΡΟΣΦ.,0096,2021,Οκτώβριος,950.0
ΕΥΡΗΚΑ SENSO 1 LT ΠΡΟΣΦ.,0096,2021,Νοέμβριος,800.0
ΕΥΡΗΚΑ SENSO 1 LT ΠΡΟΣΦ.,0096,2021,Δεκέμβριος,740.0
ΜΑΣΣΑΛ SECRETS ΜΑΛ/ΚΟ ΚΛΑΣΣΙΚΟ 2L-1€,010012CYP,2021,Ιανουάριος,1080.0
ΜΑΣΣΑΛ SECRETS ΜΑΛ/ΚΟ ΚΛΑΣΣΙΚΟ 2L-1€,010012CYP,2021,Φεβρουάριος,840.0
ΜΑΣΣΑΛ SECRETS ΜΑΛ/ΚΟ ΚΛΑΣΣΙΚΟ 2L-1€,010012CYP,2021,Μάρτιος,660.0
ΜΑΣΣΑΛ SECRETS ΜΑΛ/ΚΟ ΚΛΑΣΣΙΚΟ 2L-1€,010012CYP,2021,Απρίλιος,1440.0
ΜΑΣΣΑΛ SECRETS ΜΑΛ/ΚΟ ΚΛΑΣΣΙΚΟ 2L-1€,010012CYP,2021,Μάιος,1320.0
ΜΑΣΣΑΛ SECRETS ΜΑΛ/ΚΟ ΚΛΑΣΣΙΚΟ 2L-1€,010012CYP,2021,Ιούνιος,2100.0
ΜΑΣΣΑΛ SECRETS ΜΑΛ/ΚΟ ΚΛΑΣΣΙΚΟ 2L-1€,010012CYP,2021,Ιούλιος,540.0
ΜΑΣΣΑΛ SECRETS ΜΑΛ/ΚΟ ΚΛΑΣΣΙΚΟ 2L-1€,010012CYP,2021,Αύγουστος,360.0
ΜΑΣΣΑΛ SECRETS ΜΑΛ/ΚΟ ΚΛΑΣΣΙΚΟ 2L-1€,010012CYP,2021,Σεπτέμβριος,720.0
ΜΑΣΣΑΛ SECRETS ΜΑΛ/ΚΟ ΚΛΑΣΣΙΚΟ 2L-1€,010012CYP,2021,Οκτώβριος,840.0
ΜΑΣΣΑΛ SECRETS ΜΑΛ/ΚΟ ΚΛΑΣΣΙΚΟ 2L-1€,010012CYP,2021,Νοέμβριος,1260.0
ΜΑΣΣΑΛ SECRETS ΜΑΛ/ΚΟ ΚΛΑΣΣΙΚΟ 2L-1€,010012CYP,2021,Δεκέμβριος,660.0
ΜΑΣΣΑΛ SECRETS ΜΑΛ/ΚΟ ΜΑΣΤΙΧΑ 2L -1€,010022CYP,2021,Ιανουάριος,600.0
ΜΑΣΣΑΛ SECRETS ΜΑΛ/ΚΟ ΜΑΣΤΙΧΑ 2L -1€,010022CYP,2021,Φεβρουάριος,600.0
ΜΑΣΣΑΛ SECRETS ΜΑΛ/ΚΟ ΜΑΣΤΙΧΑ 2L -1€,010022CYP,2021,Μάρτιος,360.0
ΜΑΣΣΑΛ SECRETS ΜΑΛ/ΚΟ ΜΑΣΤΙΧΑ 2L -1€,010022CYP,2021,Απρίλιος,480.0
ΜΑΣΣΑΛ SECRETS ΜΑΛ/ΚΟ ΜΑΣΤΙΧΑ 2L -1€,010022CYP,2021,Μάιος,360.0
ΜΑΣΣΑΛ SECRETS ΜΑΛ/ΚΟ ΜΑΣΤΙΧΑ 2L -1€,010022CYP,2021,Ιούνιος,540.0
ΜΑΣΣΑΛ SECRETS ΜΑΛ/ΚΟ ΜΑΣΤΙΧΑ 2L -1€,010022CYP,2021,Ιούλιος,480.0
ΜΑΣΣΑΛ SECRETS ΜΑΛ/ΚΟ ΜΑΣΤΙΧΑ 2L -1€,010022CYP,2021,Αύγουστος,360.0
ΜΑΣΣΑΛ SECRETS ΜΑΛ/ΚΟ ΜΑΣΤΙΧΑ 2L -1€,010022CYP,2021,Σεπτέμβριος,480.0
ΜΑΣΣΑΛ SECRETS ΜΑΛ/ΚΟ ΜΑΣΤΙΧΑ 2L -1€,010022CYP,2021,Οκτώβριος,540.0
ΜΑΣΣΑΛ SECRETS ΜΑΛ/ΚΟ ΜΑΣΤΙΧΑ 2L -1€,010022CYP,2021,Νοέμβριος,960.0
ΜΑΣΣΑΛ SECRETS ΜΑΛ/ΚΟ ΜΑΣΤΙΧΑ 2L -1€,010022CYP,2021,Δεκέμβριος,1140.0
ΜΑΣΣΑΛ SECR ΜΑΛ/ΚΟ FL GARDEN 2L -1€,010042CYP,2021,Ιανουάριος,540.0
ΜΑΣΣΑΛ SECR ΜΑΛ/ΚΟ FL GARDEN 2L -1€,010042CYP,2021,Φεβρουάριος,330.0
ΜΑΣΣΑΛ SECR ΜΑΛ/ΚΟ FL GARDEN 2L -1€,010042CYP,2021,Μάρτιος,660.0
ΜΑΣΣΑΛ SECR ΜΑΛ/ΚΟ FL GARDEN 2L -1€,010042CYP,2021,Απρίλιος,1620.0
ΜΑΣΣΑΛ SECR ΜΑΛ/ΚΟ FL GARDEN 2L -1€,010042CYP,2021,Μάιος,780.0
ΜΑΣΣΑΛ SECR ΜΑΛ/ΚΟ FL GARDEN 2L -1€,010042CYP,2021,Ιούνιος,1200.0
ΜΑΣΣΑΛ SECR ΜΑΛ/ΚΟ FL GARDEN 2L -1€,010042CYP,2021,Ιούλιος,360.0
ΜΑΣΣΑΛ SECR ΜΑΛ/ΚΟ FL GARDEN 2L -1€,010042CYP,2021,Αύγουστος,240.0
ΜΑΣΣΑΛ SECR ΜΑΛ/ΚΟ FL GARDEN 2L -1€,010042CYP,2021,Σεπτέμβριος,480.0
ΜΑΣΣΑΛ SECR ΜΑΛ/ΚΟ FL GARDEN 2L -1€,010042CYP,2021,Οκτώβριος,480.0
ΜΑΣΣΑΛ SECR ΜΑΛ/ΚΟ FL GARDEN 2L -1€,010042CYP,2021,Νοέμβριος,900.0
ΜΑΣΣΑΛ SECR ΜΑΛ/ΚΟ FL GARDEN 2L -1€,010042CYP,2021,Δεκέμβριος,720.0
ΜΑΣΣΑΛ SECRETS ΜΑΛ/ΚΟ BLACK 2L-1€,010051CYP,2021,Ιανουάριος,420.0
ΜΑΣΣΑΛ SECRETS ΜΑΛ/ΚΟ BLACK 2L-1€,010051CYP,2021,Φεβρουάριος,380.0
ΜΑΣΣΑΛ SECRETS ΜΑΛ/ΚΟ BLACK 2L-1€,010051CYP,2021,Μάρτιος,660.0
ΜΑΣΣΑΛ SECRETS ΜΑΛ/ΚΟ BLACK 2L-1€,010051CYP,2021,Απρίλιος,720.0
ΜΑΣΣΑΛ SECRETS ΜΑΛ/ΚΟ BLACK 2L-1€,010051CYP,2021,Μάιος,0.0
ΜΑΣΣΑΛ SECRETS ΜΑΛ/ΚΟ BLACK 2L-1€,010051CYP,2021,Ιούνιος,60.0
ΜΑΣΣΑΛ SECRETS ΜΑΛ/ΚΟ BLACK 2L-1€,010051CYP,2021,Ιούλιος,300.0
ΜΑΣΣΑΛ SECRETS ΜΑΛ/ΚΟ BLACK 2L-1€,010051CYP,2021,Αύγουστος,240.0
ΜΑΣΣΑΛ SECRETS ΜΑΛ/ΚΟ BLACK 2L-1€,010051CYP,2021,Σεπτέμβριος,240.0
ΜΑΣΣΑΛ SECRETS ΜΑΛ/ΚΟ BLACK 2L-1€,010051CYP,2021,Οκτώβριος,360.0
ΜΑΣΣΑΛ SECRETS ΜΑΛ/ΚΟ BLACK 2L-1€,010051CYP,2021,Νοέμβριος,600.0
ΜΑΣΣΑΛ SECRETS ΜΑΛ/ΚΟ BLACK 2L-1€,010051CYP,2021,Δεκέμβριος,660.0
FAMOZO FRESH TRG 750ML 16PCS,030106,2021,Ιανουάριος,330.0
FAMOZO FRESH TRG 750ML 16PCS,030106,2021,Φεβρουάριος,0.0
FAMOZO FRESH TRG 750ML 16PCS,030106,2021,Μάρτιος,0.0
FAMOZO FRESH TRG 750ML 16PCS,030106,2021,Απρίλιος,510.0
FAMOZO FRESH TRG 750ML 16PCS,030106,2021,Μάιος,660.0
FAMOZO FRESH TRG 750ML 16PCS,030106,2021,Ιούνιος,0.0
FAMOZO FRESH TRG 750ML 16PCS,030106,2021,Ιούλιος,240.0
FAMOZO FRESH TRG 750ML 16PCS,030106,2021,Αύγουστος,180.0
FAMOZO FRESH TRG 750ML 16PCS,030106,2021,Σεπτέμβριος,360.0
FAMOZO FRESH TRG 750ML 16PCS,030106,2021,Οκτώβριος,300.0
FAMOZO FRESH TRG 750ML 16PCS,030106,2021,Νοέμβριος,420.0
FAMOZO FRESH TRG 750ML 16PCS,030106,2021,Δεκέμβριος,360.0
FAMOZO FRESH RFL 750ML 16PCS,030206,2021,Ιανουάριος,0.0
FAMOZO FRESH RFL 750ML 16PCS,030206,2021,Φεβρουάριος,0.0
FAMOZO FRESH RFL 750ML 16PCS,030206,2021,Μάρτιος,288.0
FAMOZO FRESH RFL 750ML 16PCS,030206,2021,Απρίλιος,288.0
FAMOZO FRESH RFL 750ML 16PCS,030206,2021,Μάιος,396.0
FAMOZO FRESH RFL 750ML 16PCS,030206,2021,Ιούνιος,396.0
FAMOZO FRESH RFL 750ML 16PCS,030206,2021,Ιούλιος,324.0
FAMOZO FRESH RFL 750ML 16PCS,030206,2021,Αύγουστος,216.0
FAMOZO FRESH RFL 750ML 16PCS,030206,2021,Σεπτέμβριος,396.0
FAMOZO FRESH RFL 750ML 16PCS,030206,2021,Οκτώβριος,540.0
FAMOZO FRESH RFL 750ML 16PCS,030206,2021,Νοέμβριος,396.0
FAMOZO FRESH RFL 750ML 16PCS,030206,2021,Δεκέμβριος,360.0
FAMOZO CLEAR RFL 750ML 16PCS,030406,2021,Ιανουάριος,432.0
FAMOZO CLEAR RFL 750ML 16PCS,030406,2021,Φεβρουάριος,72.0
FAMOZO CLEAR RFL 750ML 16PCS,030406,2021,Μάρτιος,360.0
FAMOZO CLEAR RFL 750ML 16PCS,030406,2021,Απρίλιος,108.0
FAMOZO CLEAR RFL 750ML 16PCS,030406,2021,Μάιος,216.0
FAMOZO CLEAR RFL 750ML 16PCS,030406,2021,Ιούνιος,468.0
FAMOZO CLEAR RFL 750ML 16PCS,030406,2021,Ιούλιος,216.0
FAMOZO CLEAR RFL 750ML 16PCS,030406,2021,Αύγουστος,144.0
FAMOZO CLEAR RFL 750ML 16PCS,030406,2021,Σεπτέμβριος,216.0
FAMOZO CLEAR RFL 750ML 16PCS,030406,2021,Οκτώβριος,324.0
FAMOZO CLEAR RFL 750ML 16PCS,030406,2021,Νοέμβριος,252.0
FAMOZO CLEAR RFL 750ML 16PCS,030406,2021,Δεκέμβριος,288.0
ΕΥΡ HM ΤΖΑΜΙΑ CRYSTAL TRG 750ML -1€,030701,2021,Ιανουάριος,350.0
ΕΥΡ HM ΤΖΑΜΙΑ CRYSTAL TRG 750ML -1€,030701,2021,Φεβρουάριος,350.0
ΕΥΡ HM ΤΖΑΜΙΑ CRYSTAL TRG 750ML -1€,030701,2021,Μάρτιος,580.0
ΕΥΡ HM ΤΖΑΜΙΑ CRYSTAL TRG 750ML -1€,030701,2021,Απρίλιος,530.0
ΕΥΡ HM ΤΖΑΜΙΑ CRYSTAL TRG 750ML -1€,030701,2021,Μάιος,450.0
ΕΥΡ HM ΤΖΑΜΙΑ CRYSTAL TRG 750ML -1€,030701,2021,Ιούνιος,500.0
ΕΥΡ HM ΤΖΑΜΙΑ CRYSTAL TRG 750ML -1€,030701,2021,Ιούλιος,330.0
ΕΥΡ HM ΤΖΑΜΙΑ CRYSTAL TRG 750ML -1€,030701,2021,Αύγουστος,400.0
ΕΥΡ HM ΤΖΑΜΙΑ CRYSTAL TRG 750ML -1€,030701,2021,Σεπτέμβριος,400.0
ΕΥΡ HM ΤΖΑΜΙΑ CRYSTAL TRG 750ML -1€,030701,2021,Οκτώβριος,500.0
ΕΥΡ HM ΤΖΑΜΙΑ CRYSTAL TRG 750ML -1€,030701,2021,Νοέμβριος,450.0
ΕΥΡ HM ΤΖΑΜΙΑ CRYSTAL TRG 750ML -1€,030701,2021,Δεκέμβριος,450.0
"ΕΥΡ HM ΤΖΑΜΙΑ CRYSTAL RFL 750ML-0,9€",030721,2021,Ιανουάριος,300.0
"ΕΥΡ HM ΤΖΑΜΙΑ CRYSTAL RFL 750ML-0,9€",030721,2021,Φεβρουάριος,300.0
"ΕΥΡ HM ΤΖΑΜΙΑ CRYSTAL RFL 750ML-0,9€",030721,2021,Μάρτιος,400.0
"ΕΥΡ HM ΤΖΑΜΙΑ CRYSTAL RFL 750ML-0,9€",030721,2021,Απρίλιος,400.0
"ΕΥΡ HM ΤΖΑΜΙΑ CRYSTAL RFL 750ML-0,9€",030721,2021,Μάιος,250.0
"ΕΥΡ HM ΤΖΑΜΙΑ CRYSTAL RFL 750ML-0,9€",030721,2021,Ιούνιος,300.0
"ΕΥΡ HM ΤΖΑΜΙΑ CRYSTAL RFL 750ML-0,9€",030721,2021,Ιούλιος,300.0
"ΕΥΡ HM ΤΖΑΜΙΑ CRYSTAL RFL 750ML-0,9€",030721,2021,Αύγουστος,320.0
"ΕΥΡ HM ΤΖΑΜΙΑ CRYSTAL RFL 750ML-0,9€",030721,2021,Σεπτέμβριος,400.0
"ΕΥΡ HM ΤΖΑΜΙΑ CRYSTAL RFL 750ML-0,9€",030721,2021,Οκτώβριος,350.0
"ΕΥΡ HM ΤΖΑΜΙΑ CRYSTAL RFL 750ML-0,9€",030721,2021,Νοέμβριος,300.0
"ΕΥΡ HM ΤΖΑΜΙΑ CRYSTAL RFL 750ML-0,9€",030721,2021,Δεκέμβριος,280.0
ΕΥΡΗΚΑ ΥΓΡΟ 750 ML,031010CYP,2021,Ιανουάριος,630.0
ΕΥΡΗΚΑ ΥΓΡΟ 750 ML,031010CYP,2021,Φεβρουάριος,585.0
ΕΥΡΗΚΑ ΥΓΡΟ 750 ML,031010CYP,2021,Μάρτιος,810.0
ΕΥΡΗΚΑ ΥΓΡΟ 750 ML,031010CYP,2021,Απρίλιος,45.0
ΕΥΡΗΚΑ ΥΓΡΟ 750 ML,031010CYP,2021,Μάιος,630.0
ΕΥΡΗΚΑ ΥΓΡΟ 750 ML,031010CYP,2021,Ιούνιος,405.0
ΕΥΡΗΚΑ ΥΓΡΟ 750 ML,031010CYP,2021,Ιούλιος,540.0
ΕΥΡΗΚΑ ΥΓΡΟ 750 ML,031010CYP,2021,Αύγουστος,360.0
ΕΥΡΗΚΑ ΥΓΡΟ 750 ML,031010CYP,2021,Σεπτέμβριος,585.0
ΕΥΡΗΚΑ ΥΓΡΟ 750 ML,031010CYP,2021,Οκτώβριος,315.0
ΕΥΡΗΚΑ ΥΓΡΟ 750 ML,031010CYP,2021,Νοέμβριος,630.0
ΕΥΡΗΚΑ ΥΓΡΟ 750 ML,031010CYP,2021,Δεκέμβριος,675.0
ΕΥΡΗΚΑ ΥΓ ΠΙΑΤ ΠΟΡΤΟΚΑΛΙ 750ML,031030CYP,2021,Ιανουάριος,135.0
ΕΥΡΗΚΑ ΥΓ ΠΙΑΤ ΠΟΡΤΟΚΑΛΙ 750ML,031030CYP,2021,Φεβρουάριος,225.0
ΕΥΡΗΚΑ ΥΓ ΠΙΑΤ ΠΟΡΤΟΚΑΛΙ 750ML,031030CYP,2021,Μάρτιος,270.0
ΕΥΡΗΚΑ ΥΓ ΠΙΑΤ ΠΟΡΤΟΚΑΛΙ 750ML,031030CYP,2021,Απρίλιος,135.0
ΕΥΡΗΚΑ ΥΓ ΠΙΑΤ ΠΟΡΤΟΚΑΛΙ 750ML,031030CYP,2021,Μάιος,315.0
ΕΥΡΗΚΑ ΥΓ ΠΙΑΤ ΠΟΡΤΟΚΑΛΙ 750ML,031030CYP,2021,Ιούνιος,225.0
ΕΥΡΗΚΑ ΥΓ ΠΙΑΤ ΠΟΡΤΟΚΑΛΙ 750ML,031030CYP,2021,Ιούλιος,225.0
ΕΥΡΗΚΑ ΥΓ ΠΙΑΤ ΠΟΡΤΟΚΑΛΙ 750ML,031030CYP,2021,Αύγουστος,180.0
ΕΥΡΗΚΑ ΥΓ ΠΙΑΤ ΠΟΡΤΟΚΑΛΙ 750ML,031030CYP,2021,Σεπτέμβριος,180.0
ΕΥΡΗΚΑ ΥΓ ΠΙΑΤ ΠΟΡΤΟΚΑΛΙ 750ML,031030CYP,2021,Οκτώβριος,45.0
ΕΥΡΗΚΑ ΥΓ ΠΙΑΤ ΠΟΡΤΟΚΑΛΙ 750ML,031030CYP,2021,Νοέμβριος,270.0
ΕΥΡΗΚΑ ΥΓ ΠΙΑΤ ΠΟΡΤΟΚΑΛΙ 750ML,031030CYP,2021,Δεκέμβριος,315.0
ΕΥΡΗΚΑ ΥΓ ΠΙΑΤ PLUS 750ML 18ΤΜΧ,031161CYP,2021,Ιανουάριος,360.0
ΕΥΡΗΚΑ ΥΓ ΠΙΑΤ PLUS 750ML 18ΤΜΧ,031161CYP,2021,Φεβρουάριος,216.0
ΕΥΡΗΚΑ ΥΓ ΠΙΑΤ PLUS 750ML 18ΤΜΧ,031161CYP,2021,Μάρτιος,468.0
ΕΥΡΗΚΑ ΥΓ ΠΙΑΤ PLUS 750ML 18ΤΜΧ,031161CYP,2021,Απρίλιος,180.0
ΕΥΡΗΚΑ ΥΓ ΠΙΑΤ PLUS 750ML 18ΤΜΧ,031161CYP,2021,Μάιος,180.0
ΕΥΡΗΚΑ ΥΓ ΠΙΑΤ PLUS 750ML 18ΤΜΧ,031161CYP,2021,Ιούνιος,252.0
ΕΥΡΗΚΑ ΥΓ ΠΙΑΤ PLUS 750ML 18ΤΜΧ,031161CYP,2021,Ιούλιος,540.0
ΕΥΡΗΚΑ ΥΓ ΠΙΑΤ PLUS 750ML 18ΤΜΧ,031161CYP,2021,Αύγουστος,360.0
ΕΥΡΗΚΑ ΥΓ ΠΙΑΤ PLUS 750ML 18ΤΜΧ,031161CYP,2021,Σεπτέμβριος,468.0
ΕΥΡΗΚΑ ΥΓ ΠΙΑΤ PLUS 750ML 18ΤΜΧ,031161CYP,2021,Οκτώβριος,360.0
ΕΥΡΗΚΑ ΥΓ ΠΙΑΤ PLUS 750ML 18ΤΜΧ,031161CYP,2021,Νοέμβριος,576.0
ΕΥΡΗΚΑ ΥΓ ΠΙΑΤ PLUS 750ML 18ΤΜΧ,031161CYP,2021,Δεκέμβριος,0.0
"ΕΥΡΗΚΑ ΥΓΡΟ ΠΙΑΤΩΝ PLUS 750ML -0,40€",031163CYP,2021,Ιανουάριος,288.0
"ΕΥΡΗΚΑ ΥΓΡΟ ΠΙΑΤΩΝ PLUS 750ML -0,40€",031163CYP,2021,Φεβρουάριος,288.0
"ΕΥΡΗΚΑ ΥΓΡΟ ΠΙΑΤΩΝ PLUS 750ML -0,40€",031163CYP,2021,Μάρτιος,252.0
"ΕΥΡΗΚΑ ΥΓΡΟ ΠΙΑΤΩΝ PLUS 750ML -0,40€",031163CYP,2021,Απρίλιος,144.0
"ΕΥΡΗΚΑ ΥΓΡΟ ΠΙΑΤΩΝ PLUS 750ML -0,40€",031163CYP,2021,Μάιος,180.0
"ΕΥΡΗΚΑ ΥΓΡΟ ΠΙΑΤΩΝ PLUS 750ML -0,40€",031163CYP,2021,Ιούνιος,360.0
"ΕΥΡΗΚΑ ΥΓΡΟ ΠΙΑΤΩΝ PLUS 750ML -0,40€",031163CYP,2021,Ιούλιος,324.0
"ΕΥΡΗΚΑ ΥΓΡΟ ΠΙΑΤΩΝ PLUS 750ML -0,40€",031163CYP,2021,Αύγουστος,216.0
"ΕΥΡΗΚΑ ΥΓΡΟ ΠΙΑΤΩΝ PLUS 750ML -0,40€",031163CYP,2021,Σεπτέμβριος,324.0
"ΕΥΡΗΚΑ ΥΓΡΟ ΠΙΑΤΩΝ PLUS 750ML -0,40€",031163CYP,2021,Οκτώβριος,360.0
"ΕΥΡΗΚΑ ΥΓΡΟ ΠΙΑΤΩΝ PLUS 750ML -0,40€",031163CYP,2021,Νοέμβριος,324.0
"ΕΥΡΗΚΑ ΥΓΡΟ ΠΙΑΤΩΝ PLUS 750ML -0,40€",031163CYP,2021,Δεκέμβριος,0.0
ΕΥΡΗΚΑ EXTRA 500 ML ΚΥΠΡΟΥ,031200CYP,2021,Ιανουάριος,84.0
ΕΥΡΗΚΑ EXTRA 500 ML ΚΥΠΡΟΥ,031200CYP,2021,Φεβρουάριος,1470.0
ΕΥΡΗΚΑ EXTRA 500 ML ΚΥΠΡΟΥ,031200CYP,2021,Μάρτιος,546.0
ΕΥΡΗΚΑ EXTRA 500 ML ΚΥΠΡΟΥ,031200CYP,2021,Απρίλιος,774.0
ΕΥΡΗΚΑ EXTRA 500 ML ΚΥΠΡΟΥ,031200CYP,2021,Μάιος,1134.0
ΕΥΡΗΚΑ EXTRA 500 ML ΚΥΠΡΟΥ,031200CYP,2021,Ιούνιος,378.0
ΕΥΡΗΚΑ EXTRA 500 ML ΚΥΠΡΟΥ,031200CYP,2021,Ιούλιος,462.0
ΕΥΡΗΚΑ EXTRA 500 ML ΚΥΠΡΟΥ,031200CYP,2021,Αύγουστος,294.0
ΕΥΡΗΚΑ EXTRA 500 ML ΚΥΠΡΟΥ,031200CYP,2021,Σεπτέμβριος,294.0
ΕΥΡΗΚΑ EXTRA 500 ML ΚΥΠΡΟΥ,031200CYP,2021,Οκτώβριος,1050.0
ΕΥΡΗΚΑ EXTRA 500 ML ΚΥΠΡΟΥ,031200CYP,2021,Νοέμβριος,756.0
ΕΥΡΗΚΑ EXTRA 500 ML ΚΥΠΡΟΥ,031200CYP,2021,Δεκέμβριος,924.0
ΕΥΡΗΚΑ ΥΓ ΠΙΑΤ EXTRA 750ML 18ΤΜΧ,031251CYP,2021,Ιανουάριος,216.0
ΕΥΡΗΚΑ ΥΓ ΠΙΑΤ EXTRA 750ML 18ΤΜΧ,031251CYP,2021,Φεβρουάριος,180.0
ΕΥΡΗΚΑ ΥΓ ΠΙΑΤ EXTRA 750ML 18ΤΜΧ,031251CYP,2021,Μάρτιος,720.0
ΕΥΡΗΚΑ ΥΓ ΠΙΑΤ EXTRA 750ML 18ΤΜΧ,031251CYP,2021,Απρίλιος,72.0
ΕΥΡΗΚΑ ΥΓ ΠΙΑΤ EXTRA 750ML 18ΤΜΧ,031251CYP,2021,Μάιος,684.0
ΕΥΡΗΚΑ ΥΓ ΠΙΑΤ EXTRA 750ML 18ΤΜΧ,031251CYP,2021,Ιούνιος,216.0
ΕΥΡΗΚΑ ΥΓ ΠΙΑΤ EXTRA 750ML 18ΤΜΧ,031251CYP,2021,Ιούλιος,324.0
ΕΥΡΗΚΑ ΥΓ ΠΙΑΤ EXTRA 750ML 18ΤΜΧ,031251CYP,2021,Αύγουστος,216.0
ΕΥΡΗΚΑ ΥΓ ΠΙΑΤ EXTRA 750ML 18ΤΜΧ,031251CYP,2021,Σεπτέμβριος,432.0
ΕΥΡΗΚΑ ΥΓ ΠΙΑΤ EXTRA 750ML 18ΤΜΧ,031251CYP,2021,Οκτώβριος,828.0
ΕΥΡΗΚΑ ΥΓ ΠΙΑΤ EXTRA 750ML 18ΤΜΧ,031251CYP,2021,Νοέμβριος,396.0
ΕΥΡΗΚΑ ΥΓ ΠΙΑΤ EXTRA 750ML 18ΤΜΧ,031251CYP,2021,Δεκέμβριος,108.0
"ΕΥΡΗΚΑ ΥΓ ΠΙΑΤΩΝ EXTRA 750ML -0,40€",031253CYP,2021,Ιανουάριος,108.0
"ΕΥΡΗΚΑ ΥΓ ΠΙΑΤΩΝ EXTRA 750ML -0,40€",031253CYP,2021,Φεβρουάριος,540.0
"ΕΥΡΗΚΑ ΥΓ ΠΙΑΤΩΝ EXTRA 750ML -0,40€",031253CYP,2021,Μάρτιος,396.0
"ΕΥΡΗΚΑ ΥΓ ΠΙΑΤΩΝ EXTRA 750ML -0,40€",031253CYP,2021,Απρίλιος,288.0
"ΕΥΡΗΚΑ ΥΓ ΠΙΑΤΩΝ EXTRA 750ML -0,40€",031253CYP,2021,Μάιος,432.0
"ΕΥΡΗΚΑ ΥΓ ΠΙΑΤΩΝ EXTRA 750ML -0,40€",031253CYP,2021,Ιούνιος,288.0
"ΕΥΡΗΚΑ ΥΓ ΠΙΑΤΩΝ EXTRA 750ML -0,40€",031253CYP,2021,Ιούλιος,396.0
"ΕΥΡΗΚΑ ΥΓ ΠΙΑΤΩΝ EXTRA 750ML -0,40€",031253CYP,2021,Αύγουστος,252.0
"ΕΥΡΗΚΑ ΥΓ ΠΙΑΤΩΝ EXTRA 750ML -0,40€",031253CYP,2021,Σεπτέμβριος,432.0
"ΕΥΡΗΚΑ ΥΓ ΠΙΑΤΩΝ EXTRA 750ML -0,40€",031253CYP,2021,Οκτώβριος,396.0
"ΕΥΡΗΚΑ ΥΓ ΠΙΑΤΩΝ EXTRA 750ML -0,40€",031253CYP,2021,Νοέμβριος,540.0
"ΕΥΡΗΚΑ ΥΓ ΠΙΑΤΩΝ EXTRA 750ML -0,40€",031253CYP,2021,Δεκέμβριος,756.0
RIVEX F/P CLASSIC 400ML PROMO 12PCS^,0356ROM,2021,Ιανουάριος,200.0
RIVEX F/P CLASSIC 400ML PROMO 12PCS^,0356ROM,2021,Φεβρουάριος,300.0
RIVEX F/P CLASSIC 400ML PROMO 12PCS^,0356ROM,2021,Μάρτιος,500.0
RIVEX F/P CLASSIC 400ML PROMO 12PCS^,0356ROM,2021,Απρίλιος,500.0
RIVEX F/P CLASSIC 400ML PROMO 12PCS^,0356ROM,2021,Μάιος,300.0
RIVEX F/P CLASSIC 400ML PROMO 12PCS^,0356ROM,2021,Ιούνιος,300.0
RIVEX F/P CLASSIC 400ML PROMO 12PCS^,0356ROM,2021,Ιούλιος,0.0
RIVEX F/P CLASSIC 400ML PROMO 12PCS^,0356ROM,2021,Αύγουστος,0.0
RIVEX F/P CLASSIC 400ML PROMO 12PCS^,0356ROM,2021,Σεπτέμβριος,300.0
RIVEX F/P CLASSIC 400ML PROMO 12PCS^,0356ROM,2021,Οκτώβριος,300.0
RIVEX F/P CLASSIC 400ML PROMO 12PCS^,0356ROM,2021,Νοέμβριος,200.0
RIVEX F/P CLASSIC 400ML PROMO 12PCS^,0356ROM,2021,Δεκέμβριος,100.0
RIVEX F/P CLASSIC 300ML 12PCS^,0369ROM,2021,Ιανουάριος,800.0
RIVEX F/P CLASSIC 300ML 12PCS^,0369ROM,2021,Φεβρουάριος,800.0
RIVEX F/P CLASSIC 300ML 12PCS^,0369ROM,2021,Μάρτιος,1000.0
RIVEX F/P CLASSIC 300ML 12PCS^,0369ROM,2021,Απρίλιος,1000.0
RIVEX F/P CLASSIC 300ML 12PCS^,0369ROM,2021,Μάιος,1000.0
RIVEX F/P CLASSIC 300ML 12PCS^,0369ROM,2021,Ιούνιος,700.0
RIVEX F/P CLASSIC 300ML 12PCS^,0369ROM,2021,Ιούλιος,500.0
RIVEX F/P CLASSIC 300ML 12PCS^,0369ROM,2021,Αύγουστος,0.0
RIVEX F/P CLASSIC 300ML 12PCS^,0369ROM,2021,Σεπτέμβριος,1000.0
RIVEX F/P CLASSIC 300ML 12PCS^,0369ROM,2021,Οκτώβριος,500.0
RIVEX F/P CLASSIC 300ML 12PCS^,0369ROM,2021,Νοέμβριος,500.0
RIVEX F/P CLASSIC 300ML 12PCS^,0369ROM,2021,Δεκέμβριος,300.0
RIVEX F/P SPRING FRESH 300ML 12PCS^,0392ROM,2021,Ιανουάριος,200.0
RIVEX F/P SPRING FRESH 300ML 12PCS^,0392ROM,2021,Φεβρουάριος,300.0
RIVEX F/P SPRING FRESH 300ML 12PCS^,0392ROM,2021,Μάρτιος,500.0
RIVEX F/P SPRING FRESH 300ML 12PCS^,0392ROM,2021,Απρίλιος,500.0
RIVEX F/P SPRING FRESH 300ML 12PCS^,0392ROM,2021,Μάιος,300.0
RIVEX F/P SPRING FRESH 300ML 12PCS^,0392ROM,2021,Ιούνιος,200.0
RIVEX F/P SPRING FRESH 300ML 12PCS^,0392ROM,2021,Ιούλιος,200.0
RIVEX F/P SPRING FRESH 300ML 12PCS^,0392ROM,2021,Αύγουστος,0.0
RIVEX F/P SPRING FRESH 300ML 12PCS^,0392ROM,2021,Σεπτέμβριος,300.0
RIVEX F/P SPRING FRESH 300ML 12PCS^,0392ROM,2021,Οκτώβριος,300.0
RIVEX F/P SPRING FRESH 300ML 12PCS^,0392ROM,2021,Νοέμβριος,300.0
RIVEX F/P SPRING FRESH 300ML 12PCS^,0392ROM,2021,Δεκέμβριος,200.0
FLUP ΖΕΣΤΟ ΝΕΡΟ 80GR 4x12ΤΜΧ,0402UKR,2021,Ιανουάριος,0.0
FLUP ΖΕΣΤΟ ΝΕΡΟ 80GR 4x12ΤΜΧ,0402UKR,2021,Φεβρουάριος,1600.0
FLUP ΖΕΣΤΟ ΝΕΡΟ 80GR 4x12ΤΜΧ,0402UKR,2021,Μάρτιος,1500.0
FLUP ΖΕΣΤΟ ΝΕΡΟ 80GR 4x12ΤΜΧ,0402UKR,2021,Απρίλιος,1700.0
FLUP ΖΕΣΤΟ ΝΕΡΟ 80GR 4x12ΤΜΧ,0402UKR,2021,Μάιος,1400.0
FLUP ΖΕΣΤΟ ΝΕΡΟ 80GR 4x12ΤΜΧ,0402UKR,2021,Ιούνιος,1600.0
FLUP ΖΕΣΤΟ ΝΕΡΟ 80GR 4x12ΤΜΧ,0402UKR,2021,Ιούλιος,1400.0
FLUP ΖΕΣΤΟ ΝΕΡΟ 80GR 4x12ΤΜΧ,0402UKR,2021,Αύγουστος,1700.0
FLUP ΖΕΣΤΟ ΝΕΡΟ 80GR 4x12ΤΜΧ,0402UKR,2021,Σεπτέμβριος,0.0
FLUP ΖΕΣΤΟ ΝΕΡΟ 80GR 4x12ΤΜΧ,0402UKR,2021,Οκτώβριος,1400.0
FLUP ΖΕΣΤΟ ΝΕΡΟ 80GR 4x12ΤΜΧ,0402UKR,2021,Νοέμβριος,1600.0
FLUP ΖΕΣΤΟ ΝΕΡΟ 80GR 4x12ΤΜΧ,0402UKR,2021,Δεκέμβριος,1700.0
FLUP ΚΡΥΟ ΝΕΡΟ 60GR 4x12ΤΜΧ,0424UKR,2021,Ιανουάριος,0.0
FLUP ΚΡΥΟ ΝΕΡΟ 60GR 4x12ΤΜΧ,0424UKR,2021,Φεβρουάριος,1440.0
FLUP ΚΡΥΟ ΝΕΡΟ 60GR 4x12ΤΜΧ,0424UKR,2021,Μάρτιος,720.0
FLUP ΚΡΥΟ ΝΕΡΟ 60GR 4x12ΤΜΧ,0424UKR,2021,Απρίλιος,1560.0
FLUP ΚΡΥΟ ΝΕΡΟ 60GR 4x12ΤΜΧ,0424UKR,2021,Μάιος,1320.0
FLUP ΚΡΥΟ ΝΕΡΟ 60GR 4x12ΤΜΧ,0424UKR,2021,Ιούνιος,1440.0
FLUP ΚΡΥΟ ΝΕΡΟ 60GR 4x12ΤΜΧ,0424UKR,2021,Ιούλιος,1320.0
FLUP ΚΡΥΟ ΝΕΡΟ 60GR 4x12ΤΜΧ,0424UKR,2021,Αύγουστος,1560.0
FLUP ΚΡΥΟ ΝΕΡΟ 60GR 4x12ΤΜΧ,0424UKR,2021,Σεπτέμβριος,0.0
FLUP ΚΡΥΟ ΝΕΡΟ 60GR 4x12ΤΜΧ,0424UKR,2021,Οκτώβριος,1320.0
FLUP ΚΡΥΟ ΝΕΡΟ 60GR 4x12ΤΜΧ,0424UKR,2021,Νοέμβριος,1440.0
FLUP ΚΡΥΟ ΝΕΡΟ 60GR 4x12ΤΜΧ,0424UKR,2021,Δεκέμβριος,1560.0
FLUP ΑΠΟΦΡ.60GR ΜΕ ΚΡΥΟ ΝΕΡΟ 2+1ΔΩΡΟ,0428,2021,Ιανουάριος,950.0
FLUP ΑΠΟΦΡ.60GR ΜΕ ΚΡΥΟ ΝΕΡΟ 2+1ΔΩΡΟ,0428,2021,Φεβρουάριος,200.0
FLUP ΑΠΟΦΡ.60GR ΜΕ ΚΡΥΟ ΝΕΡΟ 2+1ΔΩΡΟ,0428,2021,Μάρτιος,780.0
FLUP ΑΠΟΦΡ.60GR ΜΕ ΚΡΥΟ ΝΕΡΟ 2+1ΔΩΡΟ,0428,2021,Απρίλιος,1320.0
FLUP ΑΠΟΦΡ.60GR ΜΕ ΚΡΥΟ ΝΕΡΟ 2+1ΔΩΡΟ,0428,2021,Μάιος,1000.0
FLUP ΑΠΟΦΡ.60GR ΜΕ ΚΡΥΟ ΝΕΡΟ 2+1ΔΩΡΟ,0428,2021,Ιούνιος,630.0
FLUP ΑΠΟΦΡ.60GR ΜΕ ΚΡΥΟ ΝΕΡΟ 2+1ΔΩΡΟ,0428,2021,Ιούλιος,680.0
FLUP ΑΠΟΦΡ.60GR ΜΕ ΚΡΥΟ ΝΕΡΟ 2+1ΔΩΡΟ,0428,2021,Αύγουστος,470.0
FLUP ΑΠΟΦΡ.60GR ΜΕ ΚΡΥΟ ΝΕΡΟ 2+1ΔΩΡΟ,0428,2021,Σεπτέμβριος,790.0
FLUP ΑΠΟΦΡ.60GR ΜΕ ΚΡΥΟ ΝΕΡΟ 2+1ΔΩΡΟ,0428,2021,Οκτώβριος,460.0
FLUP ΑΠΟΦΡ.60GR ΜΕ ΚΡΥΟ ΝΕΡΟ 2+1ΔΩΡΟ,0428,2021,Νοέμβριος,680.0
FLUP ΑΠΟΦΡ.60GR ΜΕ ΚΡΥΟ ΝΕΡΟ 2+1ΔΩΡΟ,0428,2021,Δεκέμβριος,1000.0
FLUP ΑΠΟΦΡ(ΖΕΣΤΟ ΝΕΡΟ)80Γ Ε Σ 2+1 Δ,051006,2021,Ιανουάριος,1034.0
FLUP ΑΠΟΦΡ(ΖΕΣΤΟ ΝΕΡΟ)80Γ Ε Σ 2+1 Δ,051006,2021,Φεβρουάριος,1036.0
FLUP ΑΠΟΦΡ(ΖΕΣΤΟ ΝΕΡΟ)80Γ Ε Σ 2+1 Δ,051006,2021,Μάρτιος,646.0
FLUP ΑΠΟΦΡ(ΖΕΣΤΟ ΝΕΡΟ)80Γ Ε Σ 2+1 Δ,051006,2021,Απρίλιος,1234.0
FLUP ΑΠΟΦΡ(ΖΕΣΤΟ ΝΕΡΟ)80Γ Ε Σ 2+1 Δ,051006,2021,Μάιος,1086.0
FLUP ΑΠΟΦΡ(ΖΕΣΤΟ ΝΕΡΟ)80Γ Ε Σ 2+1 Δ,051006,2021,Ιούνιος,740.0
FLUP ΑΠΟΦΡ(ΖΕΣΤΟ ΝΕΡΟ)80Γ Ε Σ 2+1 Δ,051006,2021,Ιούλιος,790.0
FLUP ΑΠΟΦΡ(ΖΕΣΤΟ ΝΕΡΟ)80Γ Ε Σ 2+1 Δ,051006,2021,Αύγουστος,642.0
FLUP ΑΠΟΦΡ(ΖΕΣΤΟ ΝΕΡΟ)80Γ Ε Σ 2+1 Δ,051006,2021,Σεπτέμβριος,840.0
FLUP ΑΠΟΦΡ(ΖΕΣΤΟ ΝΕΡΟ)80Γ Ε Σ 2+1 Δ,051006,2021,Οκτώβριος,400.0
FLUP ΑΠΟΦΡ(ΖΕΣΤΟ ΝΕΡΟ)80Γ Ε Σ 2+1 Δ,051006,2021,Νοέμβριος,498.0
FLUP ΑΠΟΦΡ(ΖΕΣΤΟ ΝΕΡΟ)80Γ Ε Σ 2+1 Δ,051006,2021,Δεκέμβριος,840.0
PEAK OUT HOT 80GR 48PCS,051015ROM,2021,Ιανουάριος,4000.0
PEAK OUT HOT 80GR 48PCS,051015ROM,2021,Φεβρουάριος,4000.0
PEAK OUT HOT 80GR 48PCS,051015ROM,2021,Μάρτιος,5000.0
PEAK OUT HOT 80GR 48PCS,051015ROM,2021,Απρίλιος,4000.0
PEAK OUT HOT 80GR 48PCS,051015ROM,2021,Μάιος,3000.0
PEAK OUT HOT 80GR 48PCS,051015ROM,2021,Ιούνιος,2000.0
PEAK OUT HOT 80GR 48PCS,051015ROM,2021,Ιούλιος,1000.0
PEAK OUT HOT 80GR 48PCS,051015ROM,2021,Αύγουστος,0.0
PEAK OUT HOT 80GR 48PCS,051015ROM,2021,Σεπτέμβριος,3000.0
PEAK OUT HOT 80GR 48PCS,051015ROM,2021,Οκτώβριος,3000.0
PEAK OUT HOT 80GR 48PCS,051015ROM,2021,Νοέμβριος,2000.0
PEAK OUT HOT 80GR 48PCS,051015ROM,2021,Δεκέμβριος,1000.0
PEAK OUT COLD WATER 60GR 48PCS,051064ROM,2021,Ιανουάριος,2000.0
PEAK OUT COLD WATER 60GR 48PCS,051064ROM,2021,Φεβρουάριος,2000.0
PEAK OUT COLD WATER 60GR 48PCS,051064ROM,2021,Μάρτιος,5000.0
PEAK OUT COLD WATER 60GR 48PCS,051064ROM,2021,Απρίλιος,4000.0
PEAK OUT COLD WATER 60GR 48PCS,051064ROM,2021,Μάιος,3000.0
PEAK OUT COLD WATER 60GR 48PCS,051064ROM,2021,Ιούνιος,2000.0
PEAK OUT COLD WATER 60GR 48PCS,051064ROM,2021,Ιούλιος,1000.0
PEAK OUT COLD WATER 60GR 48PCS,051064ROM,2021,Αύγουστος,0.0
PEAK OUT COLD WATER 60GR 48PCS,051064ROM,2021,Σεπτέμβριος,3000.0
PEAK OUT COLD WATER 60GR 48PCS,051064ROM,2021,Οκτώβριος,3000.0
PEAK OUT COLD WATER 60GR 48PCS,051064ROM,2021,Νοέμβριος,2000.0
PEAK OUT COLD WATER 60GR 48PCS,051064ROM,2021,Δεκέμβριος,1000.0
TOPINE PLUS 1L,052001,2021,Ιανουάριος,1200.0
TOPINE PLUS 1L,052001,2021,Φεβρουάριος,1200.0
TOPINE PLUS 1L,052001,2021,Μάρτιος,1200.0
TOPINE PLUS 1L,052001,2021,Απρίλιος,1200.0
TOPINE PLUS 1L,052001,2021,Μάιος,900.0
TOPINE PLUS 1L,052001,2021,Ιούνιος,800.0
TOPINE PLUS 1L,052001,2021,Ιούλιος,800.0
TOPINE PLUS 1L,052001,2021,Αύγουστος,800.0
TOPINE PLUS 1L,052001,2021,Σεπτέμβριος,1000.0
TOPINE PLUS 1L,052001,2021,Οκτώβριος,1000.0
TOPINE PLUS 1L,052001,2021,Νοέμβριος,1000.0
TOPINE PLUS 1L,052001,2021,Δεκέμβριος,900.0
ΕΥΡΗΚΑ ANTIKALK SACHET 54GR,054010,2021,Ιανουάριος,240.0
ΕΥΡΗΚΑ ANTIKALK SACHET 54GR,054010,2021,Φεβρουάριος,240.0
ΕΥΡΗΚΑ ANTIKALK SACHET 54GR,054010,2021,Μάρτιος,260.0
ΕΥΡΗΚΑ ANTIKALK SACHET 54GR,054010,2021,Απρίλιος,250.0
ΕΥΡΗΚΑ ANTIKALK SACHET 54GR,054010,2021,Μάιος,260.0
ΕΥΡΗΚΑ ANTIKALK SACHET 54GR,054010,2021,Ιούνιος,240.0
ΕΥΡΗΚΑ ANTIKALK SACHET 54GR,054010,2021,Ιούλιος,270.0
ΕΥΡΗΚΑ ANTIKALK SACHET 54GR,054010,2021,Αύγουστος,240.0
ΕΥΡΗΚΑ ANTIKALK SACHET 54GR,054010,2021,Σεπτέμβριος,300.0
ΕΥΡΗΚΑ ANTIKALK SACHET 54GR,054010,2021,Οκτώβριος,240.0
ΕΥΡΗΚΑ ANTIKALK SACHET 54GR,054010,2021,Νοέμβριος,240.0
ΕΥΡΗΚΑ ANTIKALK SACHET 54GR,054010,2021,Δεκέμβριος,220.0
"AROXOL ΕΝΤ/ΝΟ 300ML ΠΡ -0,45€",080002,2021,Ιανουάριος,150.0
"AROXOL ΕΝΤ/ΝΟ 300ML ΠΡ -0,45€",080002,2021,Φεβρουάριος,100.0
"AROXOL ΕΝΤ/ΝΟ 300ML ΠΡ -0,45€",080002,2021,Μάρτιος,400.0
"AROXOL ΕΝΤ/ΝΟ 300ML ΠΡ -0,45€",080002,2021,Απρίλιος,2000.0
"AROXOL ΕΝΤ/ΝΟ 300ML ΠΡ -0,45€",080002,2021,Μάιος,4800.0
"AROXOL ΕΝΤ/ΝΟ 300ML ΠΡ -0,45€",080002,2021,Ιούνιος,1500.0
"AROXOL ΕΝΤ/ΝΟ 300ML ΠΡ -0,45€",080002,2021,Ιούλιος,1300.0
"AROXOL ΕΝΤ/ΝΟ 300ML ΠΡ -0,45€",080002,2021,Αύγουστος,700.0
"AROXOL ΕΝΤ/ΝΟ 300ML ΠΡ -0,45€",080002,2021,Σεπτέμβριος,600.0
"AROXOL ΕΝΤ/ΝΟ 300ML ΠΡ -0,45€",080002,2021,Οκτώβριος,300.0
"AROXOL ΕΝΤ/ΝΟ 300ML ΠΡ -0,45€",080002,2021,Νοέμβριος,200.0
"AROXOL ΕΝΤ/ΝΟ 300ML ΠΡ -0,45€",080002,2021,Δεκέμβριος,150.0
"AROXOL ΕΝΤ/ΝΟ 300ML 12x2 -2,5€",080004,2021,Ιανουάριος,100.0
"AROXOL ΕΝΤ/ΝΟ 300ML 12x2 -2,5€",080004,2021,Φεβρουάριος,100.0
"AROXOL ΕΝΤ/ΝΟ 300ML 12x2 -2,5€",080004,2021,Μάρτιος,600.0
"AROXOL ΕΝΤ/ΝΟ 300ML 12x2 -2,5€",080004,2021,Απρίλιος,1600.0
"AROXOL ΕΝΤ/ΝΟ 300ML 12x2 -2,5€",080004,2021,Μάιος,2800.0
"AROXOL ΕΝΤ/ΝΟ 300ML 12x2 -2,5€",080004,2021,Ιούνιος,2500.0
"AROXOL ΕΝΤ/ΝΟ 300ML 12x2 -2,5€",080004,2021,Ιούλιος,1700.0
"AROXOL ΕΝΤ/ΝΟ 300ML 12x2 -2,5€",080004,2021,Αύγουστος,350.0
"AROXOL ΕΝΤ/ΝΟ 300ML 12x2 -2,5€",080004,2021,Σεπτέμβριος,300.0
"AROXOL ΕΝΤ/ΝΟ 300ML 12x2 -2,5€",080004,2021,Οκτώβριος,30.0
"AROXOL ΕΝΤ/ΝΟ 300ML 12x2 -2,5€",080004,2021,Νοέμβριος,10.0
"AROXOL ΕΝΤ/ΝΟ 300ML 12x2 -2,5€",080004,2021,Δεκέμβριος,10.0
AROXOL ΕΝΤ/ΝΟ 400ML ROM 12PCS,080201ROM,2021,Ιανουάριος,0.0
AROXOL ΕΝΤ/ΝΟ 400ML ROM 12PCS,080201ROM,2021,Φεβρουάριος,3000.0
AROXOL ΕΝΤ/ΝΟ 400ML ROM 12PCS,080201ROM,2021,Μάρτιος,3000.0
AROXOL ΕΝΤ/ΝΟ 400ML ROM 12PCS,080201ROM,2021,Απρίλιος,3000.0
AROXOL ΕΝΤ/ΝΟ 400ML ROM 12PCS,080201ROM,2021,Μάιος,3000.0
AROXOL ΕΝΤ/ΝΟ 400ML ROM 12PCS,080201ROM,2021,Ιούνιος,0.0
AROXOL ΕΝΤ/ΝΟ 400ML ROM 12PCS,080201ROM,2021,Ιούλιος,0.0
AROXOL ΕΝΤ/ΝΟ 400ML ROM 12PCS,080201ROM,2021,Αύγουστος,0.0
AROXOL ΕΝΤ/ΝΟ 400ML ROM 12PCS,080201ROM,2021,Σεπτέμβριος,0.0
AROXOL ΕΝΤ/ΝΟ 400ML ROM 12PCS,080201ROM,2021,Οκτώβριος,0.0
AROXOL ΕΝΤ/ΝΟ 400ML ROM 12PCS,080201ROM,2021,Νοέμβριος,0.0
AROXOL ΕΝΤ/ΝΟ 400ML ROM 12PCS,080201ROM,2021,Δεκέμβριος,0.0
"AROXOL ΕΝΤ/ΝΟ 400 ML ΠΡ -0,50€",080202,2021,Ιανουάριος,0.0
"AROXOL ΕΝΤ/ΝΟ 400 ML ΠΡ -0,50€",080202,2021,Φεβρουάριος,0.0
"AROXOL ΕΝΤ/ΝΟ 400 ML ΠΡ -0,50€",080202,2021,Μάρτιος,700.0
"AROXOL ΕΝΤ/ΝΟ 400 ML ΠΡ -0,50€",080202,2021,Απρίλιος,1120.0
"AROXOL ΕΝΤ/ΝΟ 400 ML ΠΡ -0,50€",080202,2021,Μάιος,1260.0
"AROXOL ΕΝΤ/ΝΟ 400 ML ΠΡ -0,50€",080202,2021,Ιούνιος,630.0
"AROXOL ΕΝΤ/ΝΟ 400 ML ΠΡ -0,50€",080202,2021,Ιούλιος,210.0
"AROXOL ΕΝΤ/ΝΟ 400 ML ΠΡ -0,50€",080202,2021,Αύγουστος,140.0
"AROXOL ΕΝΤ/ΝΟ 400 ML ΠΡ -0,50€",080202,2021,Σεπτέμβριος,90.0
"AROXOL ΕΝΤ/ΝΟ 400 ML ΠΡ -0,50€",080202,2021,Οκτώβριος,0.0
"AROXOL ΕΝΤ/ΝΟ 400 ML ΠΡ -0,50€",080202,2021,Νοέμβριος,0.0
"AROXOL ΕΝΤ/ΝΟ 400 ML ΠΡ -0,50€",080202,2021,Δεκέμβριος,0.0
AROXOL ΚΑΤΣ/ΝΟ 300ML 12x2 -4€,081014,2021,Ιανουάριος,10.0
AROXOL ΚΑΤΣ/ΝΟ 300ML 12x2 -4€,081014,2021,Φεβρουάριος,30.0
AROXOL ΚΑΤΣ/ΝΟ 300ML 12x2 -4€,081014,2021,Μάρτιος,250.0
AROXOL ΚΑΤΣ/ΝΟ 300ML 12x2 -4€,081014,2021,Απρίλιος,800.0
AROXOL ΚΑΤΣ/ΝΟ 300ML 12x2 -4€,081014,2021,Μάιος,900.0
AROXOL ΚΑΤΣ/ΝΟ 300ML 12x2 -4€,081014,2021,Ιούνιος,800.0
AROXOL ΚΑΤΣ/ΝΟ 300ML 12x2 -4€,081014,2021,Ιούλιος,460.0
AROXOL ΚΑΤΣ/ΝΟ 300ML 12x2 -4€,081014,2021,Αύγουστος,300.0
AROXOL ΚΑΤΣ/ΝΟ 300ML 12x2 -4€,081014,2021,Σεπτέμβριος,100.0
AROXOL ΚΑΤΣ/ΝΟ 300ML 12x2 -4€,081014,2021,Οκτώβριος,30.0
AROXOL ΚΑΤΣ/ΝΟ 300ML 12x2 -4€,081014,2021,Νοέμβριος,10.0
AROXOL ΚΑΤΣ/ΝΟ 300ML 12x2 -4€,081014,2021,Δεκέμβριος,10.0
"AROXOL ΚΑΤΣ/ΝΟ 300ML -1,5€",081015,2021,Ιανουάριος,60.0
"AROXOL ΚΑΤΣ/ΝΟ 300ML -1,5€",081015,2021,Φεβρουάριος,180.0
"AROXOL ΚΑΤΣ/ΝΟ 300ML -1,5€",081015,2021,Μάρτιος,240.0
"AROXOL ΚΑΤΣ/ΝΟ 300ML -1,5€",081015,2021,Απρίλιος,2000.0
"AROXOL ΚΑΤΣ/ΝΟ 300ML -1,5€",081015,2021,Μάιος,3500.0
"AROXOL ΚΑΤΣ/ΝΟ 300ML -1,5€",081015,2021,Ιούνιος,850.0
"AROXOL ΚΑΤΣ/ΝΟ 300ML -1,5€",081015,2021,Ιούλιος,1000.0
"AROXOL ΚΑΤΣ/ΝΟ 300ML -1,5€",081015,2021,Αύγουστος,600.0
"AROXOL ΚΑΤΣ/ΝΟ 300ML -1,5€",081015,2021,Σεπτέμβριος,370.0
"AROXOL ΚΑΤΣ/ΝΟ 300ML -1,5€",081015,2021,Οκτώβριος,100.0
"AROXOL ΚΑΤΣ/ΝΟ 300ML -1,5€",081015,2021,Νοέμβριος,40.0
"AROXOL ΚΑΤΣ/ΝΟ 300ML -1,5€",081015,2021,Δεκέμβριος,10.0
AROXOL MEC INSTANT 400ML 24ΤΜΧ -1€,081221,2021,Ιανουάριος,242.0
AROXOL MEC INSTANT 400ML 24ΤΜΧ -1€,081221,2021,Φεβρουάριος,200.0
AROXOL MEC INSTANT 400ML 24ΤΜΧ -1€,081221,2021,Μάρτιος,868.0
AROXOL MEC INSTANT 400ML 24ΤΜΧ -1€,081221,2021,Απρίλιος,1342.0
AROXOL MEC INSTANT 400ML 24ΤΜΧ -1€,081221,2021,Μάιος,3052.0
AROXOL MEC INSTANT 400ML 24ΤΜΧ -1€,081221,2021,Ιούνιος,2668.0
AROXOL MEC INSTANT 400ML 24ΤΜΧ -1€,081221,2021,Ιούλιος,2252.0
AROXOL MEC INSTANT 400ML 24ΤΜΧ -1€,081221,2021,Αύγουστος,1168.0
AROXOL MEC INSTANT 400ML 24ΤΜΧ -1€,081221,2021,Σεπτέμβριος,842.0
AROXOL MEC INSTANT 400ML 24ΤΜΧ -1€,081221,2021,Οκτώβριος,426.0
AROXOL MEC INSTANT 400ML 24ΤΜΧ -1€,081221,2021,Νοέμβριος,150.0
AROXOL MEC INSTANT 400ML 24ΤΜΧ -1€,081221,2021,Δεκέμβριος,150.0
AROXOL ANTIMOTH SPR LAV 250ML 12PCS,082011ROM,2021,Ιανουάριος,0.0
AROXOL ANTIMOTH SPR LAV 250ML 12PCS,082011ROM,2021,Φεβρουάριος,2000.0
AROXOL ANTIMOTH SPR LAV 250ML 12PCS,082011ROM,2021,Μάρτιος,3000.0
AROXOL ANTIMOTH SPR LAV 250ML 12PCS,082011ROM,2021,Απρίλιος,3050.0
AROXOL ANTIMOTH SPR LAV 250ML 12PCS,082011ROM,2021,Μάιος,3000.0
AROXOL ANTIMOTH SPR LAV 250ML 12PCS,082011ROM,2021,Ιούνιος,1000.0
AROXOL ANTIMOTH SPR LAV 250ML 12PCS,082011ROM,2021,Ιούλιος,1000.0
AROXOL ANTIMOTH SPR LAV 250ML 12PCS,082011ROM,2021,Αύγουστος,0.0
AROXOL ANTIMOTH SPR LAV 250ML 12PCS,082011ROM,2021,Σεπτέμβριος,1000.0
AROXOL ANTIMOTH SPR LAV 250ML 12PCS,082011ROM,2021,Οκτώβριος,1000.0
AROXOL ANTIMOTH SPR LAV 250ML 12PCS,082011ROM,2021,Νοέμβριος,1000.0
AROXOL ANTIMOTH SPR LAV 250ML 12PCS,082011ROM,2021,Δεκέμβριος,500.0
AROXOL ΓΙΑ ΑΚΑΡΕΑ & ΣΚΟΡΟΥΣ TRG 300ML,082020,2021,Ιανουάριος,120.0
AROXOL ΓΙΑ ΑΚΑΡΕΑ & ΣΚΟΡΟΥΣ TRG 300ML,082020,2021,Φεβρουάριος,120.0
AROXOL ΓΙΑ ΑΚΑΡΕΑ & ΣΚΟΡΟΥΣ TRG 300ML,082020,2021,Μάρτιος,600.0
AROXOL ΓΙΑ ΑΚΑΡΕΑ & ΣΚΟΡΟΥΣ TRG 300ML,082020,2021,Απρίλιος,1500.0
AROXOL ΓΙΑ ΑΚΑΡΕΑ & ΣΚΟΡΟΥΣ TRG 300ML,082020,2021,Μάιος,1200.0
AROXOL ΓΙΑ ΑΚΑΡΕΑ & ΣΚΟΡΟΥΣ TRG 300ML,082020,2021,Ιούνιος,650.0
AROXOL ΓΙΑ ΑΚΑΡΕΑ & ΣΚΟΡΟΥΣ TRG 300ML,082020,2021,Ιούλιος,350.0
AROXOL ΓΙΑ ΑΚΑΡΕΑ & ΣΚΟΡΟΥΣ TRG 300ML,082020,2021,Αύγουστος,200.0
AROXOL ΓΙΑ ΑΚΑΡΕΑ & ΣΚΟΡΟΥΣ TRG 300ML,082020,2021,Σεπτέμβριος,300.0
AROXOL ΓΙΑ ΑΚΑΡΕΑ & ΣΚΟΡΟΥΣ TRG 300ML,082020,2021,Οκτώβριος,300.0
AROXOL ΓΙΑ ΑΚΑΡΕΑ & ΣΚΟΡΟΥΣ TRG 300ML,082020,2021,Νοέμβριος,100.0
AROXOL ΓΙΑ ΑΚΑΡΕΑ & ΣΚΟΡΟΥΣ TRG 300ML,082020,2021,Δεκέμβριος,60.0
AROXOL DUAL ACTION 300ML 24ΤΜΧ,083000,2021,Ιανουάριος,20.0
AROXOL DUAL ACTION 300ML 24ΤΜΧ,083000,2021,Φεβρουάριος,30.0
AROXOL DUAL ACTION 300ML 24ΤΜΧ,083000,2021,Μάρτιος,50.0
AROXOL DUAL ACTION 300ML 24ΤΜΧ,083000,2021,Απρίλιος,1250.0
AROXOL DUAL ACTION 300ML 24ΤΜΧ,083000,2021,Μάιος,700.0
AROXOL DUAL ACTION 300ML 24ΤΜΧ,083000,2021,Ιούνιος,700.0
AROXOL DUAL ACTION 300ML 24ΤΜΧ,083000,2021,Ιούλιος,400.0
AROXOL DUAL ACTION 300ML 24ΤΜΧ,083000,2021,Αύγουστος,300.0
AROXOL DUAL ACTION 300ML 24ΤΜΧ,083000,2021,Σεπτέμβριος,50.0
AROXOL DUAL ACTION 300ML 24ΤΜΧ,083000,2021,Οκτώβριος,20.0
AROXOL DUAL ACTION 300ML 24ΤΜΧ,083000,2021,Νοέμβριος,20.0
AROXOL DUAL ACTION 300ML 24ΤΜΧ,083000,2021,Δεκέμβριος,10.0
ΕΛΟΜΑΣ ΜΑΣΣΑΛΙΑΣ ΥΓΡΟ 3L 4ΤΜΧ,EL002080,2021,Ιανουάριος,350.0
ΕΛΟΜΑΣ ΜΑΣΣΑΛΙΑΣ ΥΓΡΟ 3L 4ΤΜΧ,EL002080,2021,Φεβρουάριος,350.0
ΕΛΟΜΑΣ ΜΑΣΣΑΛΙΑΣ ΥΓΡΟ 3L 4ΤΜΧ,EL002080,2021,Μάρτιος,350.0
ΕΛΟΜΑΣ ΜΑΣΣΑΛΙΑΣ ΥΓΡΟ 3L 4ΤΜΧ,EL002080,2021,Απρίλιος,350.0
ΕΛΟΜΑΣ ΜΑΣΣΑΛΙΑΣ ΥΓΡΟ 3L 4ΤΜΧ,EL002080,2021,Μάιος,350.0
ΕΛΟΜΑΣ ΜΑΣΣΑΛΙΑΣ ΥΓΡΟ 3L 4ΤΜΧ,EL002080,2021,Ιούνιος,350.0
ΕΛΟΜΑΣ ΜΑΣΣΑΛΙΑΣ ΥΓΡΟ 3L 4ΤΜΧ,EL002080,2021,Ιούλιος,350.0
ΕΛΟΜΑΣ ΜΑΣΣΑΛΙΑΣ ΥΓΡΟ 3L 4ΤΜΧ,EL002080,2021,Αύγουστος,350.0
ΕΛΟΜΑΣ ΜΑΣΣΑΛΙΑΣ ΥΓΡΟ 3L 4ΤΜΧ,EL002080,2021,Σεπτέμβριος,350.0
ΕΛΟΜΑΣ ΜΑΣΣΑΛΙΑΣ ΥΓΡΟ 3L 4ΤΜΧ,EL002080,2021,Οκτώβριος,350.0
ΕΛΟΜΑΣ ΜΑΣΣΑΛΙΑΣ ΥΓΡΟ 3L 4ΤΜΧ,EL002080,2021,Νοέμβριος,350.0
ΕΛΟΜΑΣ ΜΑΣΣΑΛΙΑΣ ΥΓΡΟ 3L 4ΤΜΧ,EL002080,2021,Δεκέμβριος,350.0
MY HOME METRO ΥΓ ΑΠΟΡ ΜΑΣΣΑΛ 3L,ME002081,2021,Ιανουάριος,380.0
MY HOME METRO ΥΓ ΑΠΟΡ ΜΑΣΣΑΛ 3L,ME002081,2021,Φεβρουάριος,380.0
MY HOME METRO ΥΓ ΑΠΟΡ ΜΑΣΣΑΛ 3L,ME002081,2021,Μάρτιος,380.0
MY HOME METRO ΥΓ ΑΠΟΡ ΜΑΣΣΑΛ 3L,ME002081,2021,Απρίλιος,380.0
MY HOME METRO ΥΓ ΑΠΟΡ ΜΑΣΣΑΛ 3L,ME002081,2021,Μάιος,380.0
MY HOME METRO ΥΓ ΑΠΟΡ ΜΑΣΣΑΛ 3L,ME002081,2021,Ιούνιος,380.0
MY HOME METRO ΥΓ ΑΠΟΡ ΜΑΣΣΑΛ 3L,ME002081,2021,Ιούλιος,380.0
MY HOME METRO ΥΓ ΑΠΟΡ ΜΑΣΣΑΛ 3L,ME002081,2021,Αύγουστος,380.0
MY HOME METRO ΥΓ ΑΠΟΡ ΜΑΣΣΑΛ 3L,ME002081,2021,Σεπτέμβριος,380.0
MY HOME METRO ΥΓ ΑΠΟΡ ΜΑΣΣΑΛ 3L,ME002081,2021,Οκτώβριος,380.0
MY HOME METRO ΥΓ ΑΠΟΡ ΜΑΣΣΑΛ 3L,ME002081,2021,Νοέμβριος,380.0
MY HOME METRO ΥΓ ΑΠΟΡ ΜΑΣΣΑΛ 3L,ME002081,2021,Δεκέμβριος,380.0
TUBOFLO PWD DR HOT 100GR 3x30PCS GR/857106874,S51020,2021,Ιανουάριος,3600.0
TUBOFLO PWD DR HOT 100GR 3x30PCS GR/857106874,S51020,2021,Φεβρουάριος,4032.0
TUBOFLO PWD DR HOT 100GR 3x30PCS GR/857106874,S51020,2021,Μάρτιος,2628.0
TUBOFLO PWD DR HOT 100GR 3x30PCS GR/857106874,S51020,2021,Απρίλιος,2052.0
TUBOFLO PWD DR HOT 100GR 3x30PCS GR/857106874,S51020,2021,Μάιος,2628.0
TUBOFLO PWD DR HOT 100GR 3x30PCS GR/857106874,S51020,2021,Ιούνιος,2628.0
TUBOFLO PWD DR HOT 100GR 3x30PCS GR/857106874,S51020,2021,Ιούλιος,2628.0
TUBOFLO PWD DR HOT 100GR 3x30PCS GR/857106874,S51020,2021,Αύγουστος,2628.0
TUBOFLO PWD DR HOT 100GR 3x30PCS GR/857106874,S51020,2021,Σεπτέμβριος,2628.0
TUBOFLO PWD DR HOT 100GR 3x30PCS GR/857106874,S51020,2021,Οκτώβριος,2628.0
TUBOFLO PWD DR HOT 100GR 3x30PCS GR/857106874,S51020,2021,Νοέμβριος,2628.0
TUBOFLO PWD DR HOT 100GR 3x30PCS GR/857106874,S51020,2021,Δεκέμβριος,2628.0
TUBOFLO PWD DR COLD 60GR 3x30PCS GR/8571016875,S51021,2021,Ιανουάριος,2640.0
TUBOFLO PWD DR COLD 60GR 3x30PCS GR/8571016875,S51021,2021,Φεβρουάριος,2928.0
TUBOFLO PWD DR COLD 60GR 3x30PCS GR/8571016875,S51021,2021,Μάρτιος,1872.0
TUBOFLO PWD DR COLD 60GR 3x30PCS GR/8571016875,S51021,2021,Απρίλιος,1488.0
TUBOFLO PWD DR COLD 60GR 3x30PCS GR/8571016875,S51021,2021,Μάιος,1872.0
TUBOFLO PWD DR COLD 60GR 3x30PCS GR/8571016875,S51021,2021,Ιούνιος,1872.0
TUBOFLO PWD DR COLD 60GR 3x30PCS GR/8571016875,S51021,2021,Ιούλιος,1872.0
TUBOFLO PWD DR COLD 60GR 3x30PCS GR/8571016875,S51021,2021,Αύγουστος,1872.0
TUBOFLO PWD DR COLD 60GR 3x30PCS GR/8571016875,S51021,2021,Σεπτέμβριος,1872.0
TUBOFLO PWD DR COLD 60GR 3x30PCS GR/8571016875,S51021,2021,Οκτώβριος,1872.0
TUBOFLO PWD DR COLD 60GR 3x30PCS GR/8571016875,S51021,2021,Νοέμβριος,1872.0
TUBOFLO PWD DR COLD 60GR 3x30PCS GR/8571016875,S51021,2021,Δεκέμβριος,1872.0
TUBOFLO PWD DR HOT 6x10PCS 100GR BG/8571019312,S51025,2021,Ιανουάριος,1166.6666666666667
TUBOFLO PWD DR HOT 6x10PCS 100GR BG/8571019312,S51025,2021,Φεβρουάριος,2000.0
TUBOFLO PWD DR HOT 6x10PCS 100GR BG/8571019312,S51025,2021,Μάρτιος,2166.6666666666665
TUBOFLO PWD DR HOT 6x10PCS 100GR BG/8571019312,S51025,2021,Απρίλιος,1333.3333333333333
TUBOFLO PWD DR HOT 6x10PCS 100GR BG/8571019312,S51025,2021,Μάιος,2166.6666666666665
TUBOFLO PWD DR HOT 6x10PCS 100GR BG/8571019312,S51025,2021,Ιούνιος,2166.6666666666665
TUBOFLO PWD DR HOT 6x10PCS 100GR BG/8571019312,S51025,2021,Ιούλιος,2166.6666666666665
TUBOFLO PWD DR HOT 6x10PCS 100GR BG/8571019312,S51025,2021,Αύγουστος,2166.6666666666665
TUBOFLO PWD DR HOT 6x10PCS 100GR BG/8571019312,S51025,2021,Σεπτέμβριος,2166.6666666666665
TUBOFLO PWD DR HOT 6x10PCS 100GR BG/8571019312,S51025,2021,Οκτώβριος,2166.6666666666665
TUBOFLO PWD DR HOT 6x10PCS 100GR BG/8571019312,S51025,2021,Νοέμβριος,2166.6666666666665
TUBOFLO PWD DR HOT 6x10PCS 100GR BG/8571019312,S51025,2021,Δεκέμβριος,2166.6666666666665
TUBOFLO PWD DR COLD 6x10PCS 60GR BG/8571019313,S51026,2021,Ιανουάριος,833.3333333333334
TUBOFLO PWD DR COLD 6x10PCS 60GR BG/8571019313,S51026,2021,Φεβρουάριος,1000.0
TUBOFLO PWD DR COLD 6x10PCS 60GR BG/8571019313,S51026,2021,Μάρτιος,1166.6666666666667
TUBOFLO PWD DR COLD 6x10PCS 60GR BG/8571019313,S51026,2021,Απρίλιος,1000.0
TUBOFLO PWD DR COLD 6x10PCS 60GR BG/8571019313,S51026,2021,Μάιος,1166.6666666666667
TUBOFLO PWD DR COLD 6x10PCS 60GR BG/8571019313,S51026,2021,Ιούνιος,1166.6666666666667
TUBOFLO PWD DR COLD 6x10PCS 60GR BG/8571019313,S51026,2021,Ιούλιος,1166.6666666666667
TUBOFLO PWD DR COLD 6x10PCS 60GR BG/8571019313,S51026,2021,Αύγουστος,1166.6666666666667
TUBOFLO PWD DR COLD 6x10PCS 60GR BG/8571019313,S51026,2021,Σεπτέμβριος,1166.6666666666667
TUBOFLO PWD DR COLD 6x10PCS 60GR BG/8571019313,S51026,2021,Οκτώβριος,1166.6666666666667
TUBOFLO PWD DR COLD 6x10PCS 60GR BG/8571019313,S51026,2021,Νοέμβριος,1166.6666666666667
TUBOFLO PWD DR COLD 6x10PCS 60GR BG/8571019313,S51026,2021,Δεκέμβριος,1166.6666666666667
TUBOFLO PWD DR HOT 6x10PCS 100GR SRB/8571016871,S51030,2021,Ιανουάριος,2000.0
TUBOFLO PWD DR HOT 6x10PCS 100GR SRB/8571016871,S51030,2021,Φεβρουάριος,2000.0
TUBOFLO PWD DR HOT 6x10PCS 100GR SRB/8571016871,S51030,2021,Μάρτιος,1833.3333333333333
TUBOFLO PWD DR HOT 6x10PCS 100GR SRB/8571016871,S51030,2021,Απρίλιος,2000.0
TUBOFLO PWD DR HOT 6x10PCS 100GR SRB/8571016871,S51030,2021,Μάιος,1833.3333333333333
TUBOFLO PWD DR HOT 6x10PCS 100GR SRB/8571016871,S51030,2021,Ιούνιος,1833.3333333333333
TUBOFLO PWD DR HOT 6x10PCS 100GR SRB/8571016871,S51030,2021,Ιούλιος,1833.3333333333333
TUBOFLO PWD DR HOT 6x10PCS 100GR SRB/8571016871,S51030,2021,Αύγουστος,1833.3333333333333
TUBOFLO PWD DR HOT 6x10PCS 100GR SRB/8571016871,S51030,2021,Σεπτέμβριος,1833.3333333333333
TUBOFLO PWD DR HOT 6x10PCS 100GR SRB/8571016871,S51030,2021,Οκτώβριος,1833.3333333333333
TUBOFLO PWD DR HOT 6x10PCS 100GR SRB/8571016871,S51030,2021,Νοέμβριος,1833.3333333333333
TUBOFLO PWD DR HOT 6x10PCS 100GR SRB/8571016871,S51030,2021,Δεκέμβριος,1833.3333333333333
TUBOFLO PWD DR COLD 6x10PCS 60GR SRB/8571016872,S51031,2021,Ιανουάριος,1583.3333333333333
TUBOFLO PWD DR COLD 6x10PCS 60GR SRB/8571016872,S51031,2021,Φεβρουάριος,1166.6666666666667
TUBOFLO PWD DR COLD 6x10PCS 60GR SRB/8571016872,S51031,2021,Μάρτιος,1333.3333333333333
TUBOFLO PWD DR COLD 6x10PCS 60GR SRB/8571016872,S51031,2021,Απρίλιος,1333.3333333333333
TUBOFLO PWD DR COLD 6x10PCS 60GR SRB/8571016872,S51031,2021,Μάιος,1333.3333333333333
TUBOFLO PWD DR COLD 6x10PCS 60GR SRB/8571016872,S51031,2021,Ιούνιος,1333.3333333333333
TUBOFLO PWD DR COLD 6x10PCS 60GR SRB/8571016872,S51031,2021,Ιούλιος,1333.3333333333333
TUBOFLO PWD DR COLD 6x10PCS 60GR SRB/8571016872,S51031,2021,Αύγουστος,1333.3333333333333
TUBOFLO PWD DR COLD 6x10PCS 60GR SRB/8571016872,S51031,2021,Σεπτέμβριος,1333.3333333333333
TUBOFLO PWD DR COLD 6x10PCS 60GR SRB/8571016872,S51031,2021,Οκτώβριος,1333.3333333333333
TUBOFLO PWD DR COLD 6x10PCS 60GR SRB/8571016872,S51031,2021,Νοέμβριος,1333.3333333333333
TUBOFLO PWD DR COLD 6x10PCS 60GR SRB/8571016872,S51031,2021,Δεκέμβριος,1333.3333333333333
